SUBJECTID,AGEMONTH,SUBJECT_IDENTITY,CONVERTEDVISITNUM,INITIALS,FORMSTATUS,TESTDATE,ENTDATE,ENTEREDBY,ESS_P1,ESS_P2,ESS_P3,ESS_P4,ESS_P5,ESS_P6,ESS_P7,ESS_P8,ESS_P_SUM
q_0446,153,PATIENT-DEL,2.12,,COMPLETE,11/21/2022,11/21/2022,-9999,1,0,0,1,2,0,0,0,4
q_0477,200,PATIENT-DUP,2.12,,COMPLETE,02/09/2023,02/09/2023,-9999,2,3,1,1,2,0,1,0,10
q_0508,101,PATIENT-DEL,2,,COMPLETE,06/23/2022,06/23/2022,-9999,0,1,0,0,1,0,0,0,2
q_0533,177,PATIENT-DEL,2,,COMPLETE,10/11/2022,10/11/2022,-9999,3,2,2,3,3,1,3,1,18
q_0543,165,PATIENT-DEL,2,,COMPLETE,08/22/2022,08/22/2022,-9999,0,0,0,0,0,0,0,0,0
q_0568,261,PATIENT-DEL,2,,COMPLETE,10/24/2022,10/24/2022,-9999,1,1,1,1,2,0,0,1,7
q_0586,66,PATIENT-DEL,2,,COMPLETE,03/19/2023,03/19/2023,-9999,0,0,0,0,0,0,0,0,0
q_9999,196,PATIENT-DEL,2.12,,COMPLETE,12/14/2021,12/14/2021,-9999,2,2,2,2,2,2,2,2,16
