SUBJECTID,AGEMONTH,SUBJECT_IDENTITY,INITIALS,FORMSTATUS,TESTDATE,ENTDATE,ENTEREDBY,MEDICATION,DOSE,FREQ,STARTDT,STOPDT,PRN,CURUSE
q_0001,231,PATIENT-DEL,CC,COMPLETE,10/14/2010,12/03/2010,177,Azithromyacin,500,.,01/01/1995,,1,0
q_0001,231,PATIENT-DEL,CC,COMPLETE,10/14/2010,11/12/2010,177,Levoxyl/ Levothyroxine sodium,100,.,01/01/1999,,0,1
q_0001,209,PATIENT-DEL,,COMPLETE,12/01/2008,01/27/2017,177,Levoxyl/ Levothyroxine sodium,100,.,01/01/1999,,0,1
q_0001,254,PATIENT-DEL,,COMPLETE,09/24/2012,01/27/2017,177,Levoxyl/ Levothyroxine sodium,112,.,01/01/1999,,0,1
q_0003,172,PATIENT-DEL,,COMPLETE,12/22/2008,01/03/2011,97,-9999,.,.,,,.,.
q_0005,160,PATIENT-DEL,,COMPLETE,04/18/2011,01/27/2017,177,Melatonin,.,.,01/01/2010,,.,1
q_0005,176,PATIENT-DEL,IS,COMPLETE,08/27/2012,11/13/2012,97,Melatonin,1.5,.,01/01/2010,,.,1
q_0005,176,PATIENT-DEL,,COMPLETE,08/27/2012,01/27/2017,177,Calcium,.,.,01/01/2011,,.,1
q_0005,134,PATIENT-DEL,,COMPLETE,02/09/2009,01/03/2011,97,-9999,.,.,,,.,.
q_0007,229,PATIENT-DEL,,COMPLETE,03/14/2009,01/27/2017,177,-9999,.,.,,,.,.
q_0007,254,PATIENT-DEL,AS,COMPLETE,04/04/2011,05/26/2011,177,Lexapro/ Escitalopram oxalate,-9998,.,03/15/2010,11/15/2010,1,0
q_0009,162,PATIENT-DEL,VS,COMPLETE,09/28/2011,11/12/2010,97,Melatonin,3,.,01/01/2010,,1,1
q_0009,149,PATIENT-DEL,VS,COMPLETE,08/10/2010,11/12/2010,177,Risperdal/ Risperidone,1.75,.,01/01/2007,,0,1
q_0009,149,PATIENT-DEL,VS,COMPLETE,08/10/2010,11/12/2010,177,Depakote/ Divalproex,875,.,,,.,1
q_0009,149,PATIENT-DEL,,COMPLETE,08/10/2010,01/27/2017,177,Melatonin,3,.,01/01/2010,,1,1
q_0009,130,PATIENT-DEL,,COMPLETE,01/26/2009,01/27/2017,177,Risperdal/ Risperidone,-9998,.,01/01/2007,,0,1
q_0009,149,PATIENT-DEL,VS,COMPLETE,08/10/2010,11/12/2010,177,Vyvanse,20,.,01/01/2008,03/01/2009,0,0
q_0009,149,PATIENT-DEL,,COMPLETE,08/10/2010,01/27/2017,177,Vyvanse,40,.,01/01/2009,,0,1
q_0009,162,PATIENT-DEL,VS,COMPLETE,09/28/2011,09/29/2011,177,Risperdal/ Risperidone,2,.,01/01/2007,,0,1
q_0009,162,PATIENT-DEL,VS,COMPLETE,09/29/2011,11/12/2010,177,Guanfacine/ Tenex/ Intuniv,2,.,01/01/2009,09/21/2011,0,0
q_0009,162,PATIENT-DEL,VS,COMPLETE,09/28/2011,09/29/2011,177,Guanfacine/ Tenex/ Intuniv,3,.,09/22/2011,,0,1
q_0009,162,PATIENT-DEL,VS,COMPLETE,09/28/2011,09/29/2011,97,Vyvanse,40,.,01/01/2009,,0,1
q_0009,149,PATIENT-DEL,,COMPLETE,08/10/2010,01/27/2017,177,Tenex/ Guanfacine,2,.,06/01/2009,09/21/2011,0,1
q_0009,130,PATIENT-DEL,,COMPLETE,01/26/2009,01/27/2017,177,Vyvanse,20,.,01/01/2008,,0,1
q_0011,80,PATIENT-DEL,,COMPLETE,02/24/2009,01/03/2011,97,-9999,.,.,,,.,.
q_0013,78,PATIENT-DEL,,COMPLETE,04/02/2009,01/03/2011,177,Prevacid/ Lansoprazole,-9998,.,,,-9998,1
q_0013,78,PATIENT-DEL,,COMPLETE,04/02/2009,01/27/2017,177,Zyrtec / Cetirizine,.,.,,,1,1
q_0014,162,PATIENT-DEL,,COMPLETE,04/02/2009,01/12/2011,97,Strattera/ Atomoxetine,.,.,,,.,-9998
q_0014,162,PATIENT-DEL,,COMPLETE,04/02/2009,01/27/2017,177,Prevacid/ Lansoprazole,-9998,.,,,.,1
q_0014,162,PATIENT-DEL,,COMPLETE,04/02/2009,01/27/2017,177,Zyrtec / Cetirizine,.,.,,,1,1
q_0014,162,PATIENT-DEL,,COMPLETE,04/02/2009,01/03/2011,97,Concerta/Methylphenidate XR,27,.,,,.,1
q_0015,179,PATIENT-DEL,,COMPLETE,04/13/2009,01/03/2011,177,Tetracycline,-9998,.,,,0,1
q_0015,179,PATIENT-DEL,,COMPLETE,04/13/2009,01/27/2017,177,Steroids,-9998,.,,,1,1
q_0016,204,PATIENT-DEL,,COMPLETE,04/17/2009,01/03/2011,97,-9999,.,.,,,.,.
q_0016,246,PATIENT-DEL,JM,COMPLETE,10/08/2012,11/20/2012,126,-9999,.,.,,,.,.
q_0016,227,PATIENT-DEL,,COMPLETE,03/28/2011,01/27/2017,177,-9999,.,.,,,.,.
q_0017,117,PATIENT-DEL,AD,COMPLETE,08/31/2012,10/20/2012,97,Prilosec/ Omeprazole,20,.,08/01/2011,,0,1
q_0017,79,PATIENT-DEL,,COMPLETE,06/15/2009,01/03/2011,97,-9999,.,.,,,.,.
q_0017,136,PATIENT-DEL,BH,COMPLETE,03/19/2014,05/22/2014,126,Melatonin,500,.,07/01/2009,,1,1
q_0017,150,PATIENT-DEL,,COMPLETE,05/01/2015,01/27/2017,177,Sertraline/ Zoloft,125,.,05/01/2015,,0,1
q_0017,136,PATIENT-DEL,BH,COMPLETE,03/19/2014,05/22/2014,126,Sertraline/ Zoloft,75,.,07/01/2012,,0,1
q_0018,84,PATIENT-DEL,,COMPLETE,06/23/2009,01/03/2011,97,-9999,.,.,,,.,.
q_0019,154,PATIENT-DEL,CB,COMPLETE,08/11/2009,11/12/2010,177,Abilify/ Aripiprazole,10,.,,,.,0
q_0019,154,PATIENT-DEL,CB,COMPLETE,08/11/2009,11/12/2010,177,Nuvigil/ Armodafinil,125,.,,,1,0
q_0019,154,PATIENT-DEL,CB,COMPLETE,08/11/2009,11/12/2010,177,Acyclovir,200,.,,,.,0
q_0019,185,PATIENT-DEL,JM,COMPLETE,03/26/2012,04/12/2012,149,Zoloft/ Sertralineft,-9998,.,03/26/2011,,0,1
q_0019,185,PATIENT-DEL,,COMPLETE,03/26/2012,01/27/2017,177,Abilify/ Aripiprazole,-9999,.,03/26/2011,,0,1
q_0019,154,PATIENT-DEL,,COMPLETE,08/11/2009,01/27/2017,177,Amantadine /Symmetrel,100,.,,,.,0
q_0019,175,PATIENT-DEL,,COMPLETE,05/04/2011,01/27/2017,177,Amantadine /Symmetrel,100,.,03/26/2011,,.,1
q_0019,175,PATIENT-DEL,,COMPLETE,05/04/2011,01/27/2017,177,Abilify/ Aripiprazole,10,.,08/11/2009,,0,1
q_0020,116,CONTROL,,COMPLETE,08/11/2009,01/31/2017,177,Inhalers,.,.,01/01/2004,,1,1
q_0020,137,CONTROL,,COMPLETE,05/04/2011,01/31/2017,177,Zyrtec / Cetirizine,.,.,,,1,1
q_0020,147,CONTROL,,COMPLETE,03/26/2012,01/31/2017,177,Inhalers,.,.,01/01/2004,,1,1
q_0020,147,CONTROL,NM,COMPLETE,03/26/2012,04/12/2012,177,Antihistamine,.,.,01/01/2009,,1,1
q_0020,137,CONTROL,NM,COMPLETE,05/04/2011,12/03/2010,97,Inhalers,.,.,01/01/2004,,1,1
q_0021,162,PATIENT-DEL,BE,COMPLETE,11/05/2012,11/27/2012,126,Enbrel/ Etanercept,25,-9999,08/01/2011,,0,1
q_0021,140,PATIENT-DEL,,COMPLETE,01/14/2011,01/31/2017,177,Folic Acid,1,.,03/01/2008,,0,1
q_0021,140,PATIENT-DEL,,COMPLETE,01/14/2011,01/31/2017,177,Methotrexate,.,.,03/01/2007,,0,1
q_0021,162,PATIENT-DEL,BE,COMPLETE,11/05/2012,11/27/2012,126,Methotrexate,15,-9999,02/01/2007,12/01/2011,0,0
q_0021,123,PATIENT-DEL,CB,COMPLETE,08/17/2009,12/03/2010,97,Folic Acid,1,.,03/01/2008,11/04/2012,0,0
q_0021,123,PATIENT-DEL,CB,COMPLETE,08/17/2009,12/03/2010,97,Methotrexate,1.43,.,02/01/2007,03/01/2008,0,0
q_0022,129,PATIENT-DEL,,COMPLETE,08/21/2009,01/03/2011,97,Concerta/Methylphenidate XR,27,.,,,.,1
q_0022,129,PATIENT-DEL,,COMPLETE,08/21/2009,01/12/2011,97,Lexapro/ Escitalopram oxalate,7.5,.,,,.,1
q_0023,160,CONTROL,,DATA UNAVAILABLE,08/21/2009,01/03/2011,97,-9998,.,.,,,.,.
q_0024,186,PATIENT-DEL,,COMPLETE,12/04/2009,01/03/2011,97,-9999,.,.,,,.,.
q_0024,202,PATIENT-DEL,,COMPLETE,04/15/2011,01/31/2017,177,-9999,.,.,,,.,.
q_0024,219,PATIENT-DEL,,COMPLETE,09/21/2012,01/31/2017,177,-9999,.,.,,,.,.
q_0026,227,PATIENT-DEL,JG,COMPLETE,03/22/2012,07/27/2012,97,Benztropine/ Cogentin,0.75,.,03/01/2012,03/12/2012,0,0
q_0026,241,PATIENT-DEL,JG,COMPLETE,05/03/2013,05/21/2013,177,Levothyroxine sodium/ Levotabs/ Levothroid/ etc,0.075,.,03/22/2012,,0,1
q_0026,241,PATIENT-DEL,JG,COMPLETE,05/03/2013,05/21/2013,177,Benztropine/ Cogentin,0.5,.,03/22/2012,,0,1
q_0026,241,PATIENT-DEL,JG,COMPLETE,05/03/2013,05/21/2013,177,Zyprexa/ Olanzapine,30,.,03/22/2013,,0,1
q_0026,227,PATIENT-DEL,JG,COMPLETE,03/22/2012,07/27/2012,97,Benztropine/ Cogentin,0.25,.,01/01/2012,,0,1
q_0026,227,PATIENT-DEL,JG,COMPLETE,03/22/2012,07/27/2012,97,Unknown Neuroleptic (antipsychotic),-9998,.,08/01/2009,09/01/2009,0,0
q_0026,227,PATIENT-DEL,JG,COMPLETE,03/22/2012,07/27/2012,97,Clozapine/ Clozaril,-9998,.,07/01/2011,07/01/2011,0,0
q_0026,227,PATIENT-DEL,JG,COMPLETE,03/22/2012,07/27/2012,97,Levothyroxine sodium/ Levotabs/ Levothroid/ etc,0.075,.,01/01/2011,,0,1
q_0026,227,PATIENT-DEL,JG,COMPLETE,03/22/2012,07/27/2012,97,Abilify/ Aripiprazole,-9998,.,10/01/2009,,0,0
q_0026,205,PATIENT-DEL,,COMPLETE,05/25/2010,01/03/2011,177,Risperdal/ Risperidone,2,.,09/01/2009,10/01/2009,0,0
q_0026,227,PATIENT-DEL,JG,COMPLETE,03/22/2012,07/27/2012,97,Zyprexa/ Olanzapine,30,.,01/01/2010,,0,1
q_0028,95,PATIENT-DEL,,COMPLETE,02/02/2010,01/03/2011,97,-9999,.,.,,,.,.
q_0030,171,PATIENT-DEL,RH,COMPLETE,10/29/2012,11/27/2012,177,Nasal Spray,.,.,,,1,1
q_0030,171,PATIENT-DEL,RH,COMPLETE,10/29/2012,11/27/2012,177,Inhalers,.,.,,,1,1
q_0030,139,PATIENT-DEL,CB,COMPLETE,02/09/2010,12/03/2010,177,Inhalers,.,.,,,1,1
q_0030,153,PATIENT-DEL,,COMPLETE,04/22/2011,01/31/2017,177,-9999,.,.,,,.,.
q_0030,139,PATIENT-DEL,,COMPLETE,02/09/2010,01/31/2017,177,Nasal Spray,.,.,,,1,1
q_0033,324,CONTROL,MJ,COMPLETE,04/09/2010,12/03/2010,177,Birth control pills/patch,.,.,,,0,1
q_0034,159,PATIENT-DEL,CC,COMPLETE,04/05/2010,12/03/2010,177,Lanoxin/ Digoxin,1.25,.,,,0,1
q_0034,159,PATIENT-DEL,CC,COMPLETE,04/05/2010,12/03/2010,177,Enalapril/ Vasotec,10,.,,,0,1
q_0036,106,CONTROL,,COMPLETE,06/28/2011,01/31/2017,177,-9999,.,.,,,.,.
q_0036,118,CONTROL,,COMPLETE,06/21/2012,01/31/2017,177,-9999,.,.,,,.,.
q_0036,91,CONTROL,ZM,COMPLETE,03/31/2010,01/03/2011,97,-9999,.,.,,,.,.
q_0037,134,CONTROL,,COMPLETE,04/11/2012,01/31/2017,177,-9999,.,.,,,.,.
q_0037,122,CONTROL,,COMPLETE,04/20/2011,01/31/2017,177,-9999,.,.,,,.,.
q_0037,110,CONTROL,,COMPLETE,04/27/2010,01/03/2011,97,-9999,.,.,,,.,.
q_0038,103,CONTROL,,COMPLETE,04/09/2011,01/31/2017,177,-9999,.,.,,,.,.
q_0038,115,CONTROL,,COMPLETE,04/03/2012,01/31/2017,177,-9999,.,.,,,.,.
q_0038,92,CONTROL,CC,COMPLETE,05/06/2010,12/16/2010,97,-9999,.,.,,,.,.
q_0039,218,CONTROL,MJ,COMPLETE,04/13/2010,12/16/2010,177,Zyrtec / Cetirizine,10,.,,,1,1
q_0039,232,CONTROL,,COMPLETE,06/01/2011,01/31/2017,177,-9999,.,.,,,.,.
q_0040,140,CONTROL,MJ,COMPLETE,05/14/2010,12/16/2010,97,-9999,.,.,,,.,.
q_0041,85,PATIENT-DEL,,COMPLETE,05/23/2011,01/31/2017,177,-9999,.,.,,,.,.
q_0041,101,PATIENT-DEL,KH,COMPLETE,09/26/2012,11/20/2012,126,-9999,.,.,,,.,.
q_0041,73,PATIENT-DEL,CC,COMPLETE,05/21/2010,12/16/2010,97,-9999,.,.,,,.,.
q_0043,189,PATIENT-DEL,MJ,COMPLETE,06/02/2010,11/12/2010,177,Risperidone/Risperdal,4,.,,,0,1
q_0043,189,PATIENT-DEL,MJ,COMPLETE,06/02/2010,11/12/2010,177,Celexa/ Citalopram,20,.,,,0,1
q_0043,189,PATIENT-DEL,MJ,COMPLETE,06/02/2010,11/12/2010,177,Clonazepam/ Klonopin,.,.,,,1,1
q_0045,183,PATIENT-DEL,,COMPLETE,10/25/2015,01/31/2017,177,-9999,.,.,,,.,.
q_0045,120,PATIENT-DEL,MJ,COMPLETE,07/13/2010,01/03/2011,97,-9999,.,.,,,.,.
q_0045,133,PATIENT-DEL,,COMPLETE,08/30/2011,01/31/2017,177,-9999,.,.,,,.,.
q_0048,117,PATIENT-DEL,,COMPLETE,08/17/2011,01/31/2017,177,Aspirin,81,.,11/26/2001,,0,1
q_0048,104,PATIENT-DEL,AC,COMPLETE,07/07/2010,01/03/2011,97,Aspirin,81,.,11/26/2001,,0,1
q_0051,75,CONTROL,,COMPLETE,07/23/2010,01/31/2017,177,Miralax/ Polyethylene Glycol,3,.,01/01/2005,,1,1
q_0051,93,CONTROL,,COMPLETE,01/30/2012,01/31/2017,177,Miralax/ Polyethylene Glycol,3,.,01/01/2005,,1,1
q_0051,105,CONTROL,JL,COMPLETE,01/31/2013,02/21/2013,97,Miralax/ Polyethylene Glycol,3,.,01/01/2005,,1,1
q_0052,207,CONTROL,,COMPLETE,07/30/2010,01/03/2011,97,-9999,.,.,,,.,.
q_0053,134,CONTROL,,COMPLETE,12/26/2012,01/03/2011,97,-9999,.,.,,,.,.
q_0053,145,CONTROL,,COMPLETE,11/27/2013,01/31/2017,177,-9999,.,.,,,.,.
q_0053,106,CONTROL,,COMPLETE,08/01/2010,01/31/2017,177,-9999,.,.,,,.,.
q_0054,246,CONTROL,CC,COMPLETE,08/06/2010,01/03/2011,97,-9999,.,.,,,.,.
q_0055,368,PATIENT-DEL,CC,PARTIAL COMPLETE (WILL ENTER THE MISSING ITEMS LATER),08/17/2010,11/12/2010,97,Celexa/ Citalopram,.,.,03/01/2008,,0,1
q_0056,289,PATIENT-DEL,,COMPLETE,09/10/2012,02/02/2017,177,Levoxyl/ Levothyroxine sodiuml,100,.,11/01/2007,,0,1
q_0056,289,PATIENT-DEL,,COMPLETE,09/10/2012,02/02/2017,177,Invega/ Paliperidone,9,.,06/01/2008,,0,1
q_0056,289,PATIENT-DEL,,COMPLETE,09/10/2012,02/02/2017,177,Losartan/Cozaar,50,.,12/01/2006,,0,1
q_0056,264,PATIENT-DEL,,COMPLETE,08/24/2010,02/02/2017,177,Cozaar/Losartan,50,.,,,0,1
q_0056,289,PATIENT-DEL,,COMPLETE,09/10/2012,02/02/2017,177,Topamax/ Topiramate,200,.,03/05/2008,,0,1
q_0056,289,PATIENT-DEL,,COMPLETE,09/10/2012,02/02/2017,177,Amlodipine,2.5,.,07/01/2007,,0,1
q_0056,289,PATIENT-DEL,,COMPLETE,09/10/2012,02/02/2017,177,Metformin,1500,.,12/01/2008,,0,1
q_0056,289,PATIENT-DEL,,COMPLETE,09/10/2012,02/02/2017,177,Citalopram/ Celexa,20,.,03/03/2009,,0,1
q_0056,264,PATIENT-DEL,,COMPLETE,08/24/2010,02/02/2017,177,Omega-3 Fatty Acid/ Fish Oil,.,.,,,.,1
q_0056,264,PATIENT-DEL,,COMPLETE,08/24/2010,02/02/2017,177,"Colace / Correctol Soft Gels/ Diocto / Ex-Lax Stool Softener / Fleet Sof-Lax / Phillips' Liqui-Gels / Surfack",100,.,,,.,1
q_0056,264,PATIENT-DEL,,COMPLETE,08/24/2010,02/02/2017,177,Citalopram/ Celexa,10,.,,,0,1
q_0056,289,PATIENT-DEL,,COMPLETE,09/10/2012,02/02/2017,177,Furosemide/Delone/Furocot/Lasix/Lo-Aqua,20,.,01/01/2012,,0,1
q_0056,264,PATIENT-DEL,,COMPLETE,08/24/2010,02/02/2017,177,Trazodone/ Desyrel,150,.,,,0,1
q_0056,306,PATIENT-DEL,,COMPLETE,02/18/2014,02/02/2017,177,Alprazolam/ Xanax,0.5,.,,,1,1
q_0056,264,PATIENT-DEL,,COMPLETE,08/24/2010,02/02/2017,177,Topamax/ Topiramate,100,.,,,0,1
q_0056,264,PATIENT-DEL,,COMPLETE,08/24/2010,02/02/2017,177,Amlodipine,2.5,.,,,0,1
q_0056,264,PATIENT-DEL,,COMPLETE,08/24/2010,02/02/2017,177,Levoxyl/ Levothyroxine sodium,.,.,,,0,1
q_0056,264,PATIENT-DEL,,COMPLETE,08/24/2010,02/02/2017,177,Metformin,500,.,,,0,1
q_0056,264,PATIENT-DEL,,COMPLETE,08/24/2010,02/02/2017,177,Invega/ Paliperidone,9,.,,,0,1
q_0056,306,PATIENT-DEL,BY,COMPLETE,02/18/2014,11/12/2010,97,Metformin,1500,.,12/01/2008,02/17/2014,0,0
q_0056,306,PATIENT-DEL,BY,COMPLETE,02/18/2014,11/12/2010,177,Levoxyl/ Levothyroxine sodium,0.1,.,11/01/2007,,0,1
q_0056,306,PATIENT-DEL,BY,COMPLETE,02/18/2014,05/08/2014,126,Aspirin,81,.,,,0,1
q_0056,289,PATIENT-DEL,,COMPLETE,09/10/2012,02/02/2017,177,Trazodone/ Desyrel,150,.,06/01/2009,,0,1
q_0056,306,PATIENT-DEL,BY,COMPLETE,02/18/2014,11/13/2012,97,Furosemide/Delone/Furocot/Lasix/Lo-Aqua,20,-9999,01/01/2012,02/17/2014,0,0
q_0056,306,PATIENT-DEL,BY,COMPLETE,02/18/2014,11/12/2010,97,Topamax/ Topiramate,200,.,03/05/2008,,0,1
q_0056,306,PATIENT-DEL,BY,COMPLETE,02/18/2014,11/13/2012,97,Losartan/Cozaar,50,-9999,12/01/2006,02/17/2014,0,0
q_0056,306,PATIENT-DEL,BY,COMPLETE,02/18/2014,05/08/2014,177,"Colace / Correctol Soft Gels/ Diocto / Ex-Lax Stool Softener / Fleet Sof-Lax / Phillips' Liqui-Gels / Surfack",100,.,,,0,1
q_0056,306,PATIENT-DEL,BY,COMPLETE,02/18/2014,11/12/2010,97,Trazodone/ Desyrel,150,.,06/09/2012,,0,1
q_0056,306,PATIENT-DEL,BY,COMPLETE,02/18/2014,11/13/2012,97,Requip/Ripinirole,1,-9999,12/01/2011,,0,1
q_0056,306,PATIENT-DEL,BY,COMPLETE,02/18/2014,05/08/2014,126,latuda/ lurasidone,80,.,01/22/2014,,0,1
q_0056,306,PATIENT-DEL,BY,COMPLETE,02/18/2014,11/12/2010,97,Invega/ Paliperidone,9,.,06/01/2008,01/21/2014,0,0
q_0056,306,PATIENT-DEL,,COMPLETE,02/18/2014,02/02/2017,177,Omega-3 Fatty Acid/ Fish Oil,.,.,,,0,1
q_0056,289,PATIENT-DEL,,COMPLETE,09/12/2012,02/02/2017,177,Alprazolam/ Xanax,0.5,.,12/02/2008,,1,1
q_0056,289,PATIENT-DEL,,COMPLETE,09/10/2012,02/02/2017,177,Ropinirole,1,.,12/01/2011,,0,1
q_0056,306,PATIENT-DEL,BY,COMPLETE,02/18/2014,11/12/2010,177,Celexa/ Citalopram,20,.,03/03/2009,,0,1
q_0059,92,PATIENT-DEL,CC,COMPLETE,08/27/2010,01/03/2011,97,-9999,.,.,,,.,.
q_0059,104,PATIENT-DEL,,COMPLETE,08/03/2011,02/02/2017,177,-9999,.,.,,,.,.
q_0060,215,CONTROL,KJ,COMPLETE,02/13/2015,03/03/2015,177,Keppra/ Levetiracetam,500,-9999,09/01/2012,,0,1
q_0060,161,CONTROL,CC,COMPLETE,08/31/2010,01/03/2011,97,Adderall ++/ Dextroamphetamine,40,.,03/01/2007,06/01/2010,0,0
q_0060,161,CONTROL,CC,COMPLETE,08/31/2010,01/03/2011,97,Prozac/ Fluoxetine,20,.,03/01/2007,06/01/2010,0,0
q_0060,215,CONTROL,KJ,COMPLETE,02/13/2015,03/03/2015,177,Adderall ++/ Dextroamphetamine,30,-9999,,,0,1
q_0061,179,CONTROL,CC,COMPLETE,08/31/2010,01/03/2011,97,-9999,.,.,,,.,.
q_0062,316,PATIENT-DEL,RB,COMPLETE,11/30/2011,12/19/2011,97,Ritalin/ Methylphenidate,-9998,.,01/01/1990,,0,0
q_0062,302,PATIENT-DEL,RB,COMPLETE,09/10/2010,11/12/2010,97,Unknown Antidepressant,-9998,.,01/01/2001,,0,0
q_0064,218,CONTROL,,COMPLETE,09/16/2010,01/03/2011,97,-9999,.,.,,,.,.
q_0065,520,PATIENT-DEL,,COMPLETE,03/17/2009,03/14/2011,97,Lantus/ Insulin Glargine,20,.,03/01/2009,,0,1
q_0065,520,PATIENT-DEL,,COMPLETE,03/15/2009,01/03/2011,97,Simponi/ Golimumab,50,2,12/02/2010,,0,1
q_0065,520,PATIENT-DEL,,COMPLETE,03/17/2009,03/14/2011,97,Levothyroxine sodium/ Levotabs/ Levothroid/ etc,175,.,03/01/2010,,0,1
q_0065,520,PATIENT-DEL,,COMPLETE,03/17/2009,03/14/2011,97,Humira/ Adalimumab,.,2,03/01/2008,12/01/2010,0,0
q_0065,520,PATIENT-DEL,,COMPLETE,03/17/2009,03/14/2011,97,Gabapentin/ Neurontin,300,.,03/01/2009,,0,1
q_0065,520,PATIENT-DEL,,COMPLETE,03/17/2009,03/14/2011,97,Methotrexate,1.78,.,12/01/2010,,0,1
q_0065,520,PATIENT-DEL,,COMPLETE,03/17/2009,03/14/2011,97,Enbrel/ Etanercept,.,2,03/01/2008,12/01/2010,0,0
q_0066,740,PATIENT-DEL,,COMPLETE,03/17/2009,01/03/2011,97,-9999,.,.,,,.,.
q_0067,413,PATIENT-DEL,,COMPLETE,04/02/2009,01/03/2011,177,Strattera/ Atomoxetine,50,.,,,0,1
q_0067,413,PATIENT-DEL,,COMPLETE,04/02/2009,01/03/2011,177,Alprazolam/ Xanax,0.5,.,,,0,1
q_0067,413,PATIENT-DEL,,COMPLETE,04/02/2009,01/03/2011,177,Adderall ++/ Dextroamphetamine,20,.,,,0,1
q_0068,589,PATIENT-DEL,,COMPLETE,02/02/2009,01/06/2011,97,Calcium gluconate,.,.,12/30/2008,,.,1
q_0068,589,PATIENT-DEL,,COMPLETE,02/02/2009,01/06/2011,97,Calcitriol,.,.,12/30/2008,,.,1
q_0068,591,PATIENT-DEL,,COMPLETE,04/20/2009,01/03/2011,97,Calcijex (injection)/ Calcitriol,.,.,,,.,.
q_0069,292,PATIENT-DEL,,COMPLETE,04/28/2009,01/03/2011,97,-9999,.,.,,,.,.
q_0070,508,PATIENT-DEL,,COMPLETE,06/22/2009,01/03/2011,177,-9998,.,.,,,.,.
q_0071,524,PATIENT-DEL,MJ,COMPLETE,03/02/2010,11/12/2010,97,Wellbutrin/Bupropion,-9998,.,,,.,0
q_0071,524,PATIENT-DEL,MJ,COMPLETE,03/02/2010,11/12/2010,97,Fluoxetine/Prozac,-9998,.,,,.,0
q_0071,524,PATIENT-DEL,MJ,COMPLETE,03/02/2010,11/12/2010,97,Seroquel/ Quetiapine,200,.,03/02/2009,,0,1
q_0071,524,PATIENT-DEL,MJ,COMPLETE,03/02/2010,11/12/2010,97,Clonazepam/ Klonopin,-9998,.,,,0,1
q_0072,97,PATIENT-DEL,,COMPLETE,11/03/2011,02/02/2017,177,-9999,.,.,,,.,.
q_0072,111,PATIENT-DEL,VR,COMPLETE,01/10/2013,03/05/2013,126,Risperdal/ Risperidone,5,.,07/01/2012,,0,1
q_0072,111,PATIENT-DEL,VR,COMPLETE,01/10/2013,03/05/2013,126,Guanfacine/ Tenex,1,.,01/01/2012,,0,1
q_0072,111,PATIENT-DEL,VR,COMPLETE,01/10/2013,03/05/2013,126,Prozac/ Fluoxetine,20,.,01/01/2012,,0,1
q_0072,84,PATIENT-DEL,,COMPLETE,10/05/2010,02/02/2017,177,-9999,.,.,,,.,.
q_0076,253,CONTROL,,COMPLETE,10/22/2010,01/03/2011,97,-9999,.,.,,,.,.
q_0077,167,CONTROL,,COMPLETE,10/25/2010,01/03/2011,97,-9999,.,.,,,.,.
q_0077,183,CONTROL,,COMPLETE,02/29/2012,02/09/2017,177,-9999,.,.,,,.,.
q_0077,196,CONTROL,,COMPLETE,03/11/2013,02/09/2017,177,-9999,.,.,,,.,.
q_0078,162,PATIENT-DEL,,COMPLETE,11/10/2011,02/09/2017,177,-9999,.,.,,,.,.
q_0078,150,PATIENT-DEL,,COMPLETE,11/19/2010,01/03/2011,97,-9999,.,.,,,.,.
q_0080,92,CONTROL,,COMPLETE,11/22/2010,01/03/2011,97,-9999,.,.,,,.,.
q_0081,162,CONTROL,,COMPLETE,01/31/2011,02/11/2011,97,-9999,.,.,,,.,.
q_0082,254,PATIENT-DEL,AP,COMPLETE,12/16/2010,02/11/2011,97,Vyvanse,-9998,.,06/01/2009,09/01/2010,1,0
q_0082,254,PATIENT-DEL,AP,COMPLETE,12/16/2010,02/11/2011,97,Zoloft/ Sertraline,25,.,10/01/2010,12/06/2010,0,0
q_0082,267,PATIENT-DEL,,COMPLETE,01/06/2012,02/09/2017,177,Venlafaxine/ Effexor,37.5,.,08/30/2011,,0,1
q_0082,279,PATIENT-DEL,AP,COMPLETE,01/11/2013,02/07/2013,97,MiCROGESTIN,.,.,06/01/2012,,0,1
q_0082,279,PATIENT-DEL,AP,COMPLETE,01/11/2013,01/06/2012,97,Venlafaxine/ Effexor,37.5,.,08/30/2011,12/01/2012,0,0
q_0082,279,PATIENT-DEL,AP,COMPLETE,01/11/2013,01/06/2012,97,Vyvanse,40,.,08/30/2011,,0,1
q_0082,267,PATIENT-DEL,AP,COMPLETE,01/06/2012,01/06/2012,97,Birth control pills/patch,.,.,01/01/2005,,0,1
q_0082,267,PATIENT-DEL,,COMPLETE,01/06/2012,02/09/2017,177,Vyvanse,40,.,08/30/2011,,0,1
q_0085,306,PATIENT-DEL,AS,COMPLETE,02/24/2012,03/23/2012,97,Prozac/ Fluoxetine,40,.,01/01/2009,,0,1
q_0085,306,PATIENT-DEL,AS,COMPLETE,02/24/2012,03/23/2012,97,Vyvanse,20,.,01/01/2008,10/01/2010,0,0
q_0085,306,PATIENT-DEL,AS,COMPLETE,02/24/2012,03/23/2012,177,Concerta/Methylphenidate XR,20,.,01/01/2006,01/01/2007,0,0
q_0085,306,PATIENT-DEL,AS,COMPLETE,02/24/2012,03/23/2012,177,Adderall ++/ Dextroamphetamine,20,.,01/01/2005,01/01/2006,0,0
q_0085,293,PATIENT-DEL,AS`,COMPLETE,01/21/2011,02/11/2011,97,Synthroid/ Levothyroxine sodium,70,.,01/01/2009,,.,1
q_0085,293,PATIENT-DEL,AS`,COMPLETE,01/21/2011,02/11/2011,177,Prozac/ Fluoxetine,20,.,01/01/2008,,.,1
q_0085,306,PATIENT-DEL,AS,COMPLETE,02/24/2012,03/23/2012,177,Lexapro/ Escitalopram oxalate,-9998,.,01/01/2002,01/01/2004,0,0
q_0085,358,PATIENT-DEL,,COMPLETE,06/17/2016,02/09/2017,177,-9999,.,.,,,.,.
q_0085,306,PATIENT-DEL,AS,COMPLETE,02/24/2012,03/23/2012,177,Abilify/ Aripiprazole,-9998,.,01/01/2003,01/01/2004,0,0
q_0088,183,PATIENT-DEL,,COMPLETE,01/24/2011,02/09/2017,177,Keppra/ Levetiracetam,2,.,02/01/2007,,0,1
q_0088,206,PATIENT-DEL,TL,COMPLETE,12/10/2012,02/21/2013,177,Keppra/ Levetiracetam,6,.,02/01/2007,,0,1
q_0091,233,CONTROL,AH,COMPLETE,02/25/2011,03/18/2011,177,Birth control pills/patch,.,.,02/25/2008,,0,1
q_0091,246,CONTROL,,COMPLETE,03/05/2012,02/09/2017,177,-9999,.,.,,,.,.
q_0092,260,CONTROL,CH,COMPLETE,03/11/2011,03/18/2011,177,Inhalers,.,.,07/01/2010,,1,1
q_0092,260,CONTROL,CH,COMPLETE,03/11/2011,03/11/2011,177,Birth control pills/patch,.,.,03/01/2005,,0,1
q_0092,260,CONTROL,CH,COMPLETE,03/11/2011,03/11/2011,97,Celexa/ Citalopram,10,.,07/01/2007,01/01/2008,0,0
q_0093,230,PATIENT-DEL,BG,COMPLETE,03/07/2011,03/24/2011,177,Oxybutynin Chloride/ Ditropan,20,.,08/01/2010,,0,1
q_0093,230,PATIENT-DEL,BG,COMPLETE,03/07/2011,03/18/2011,97,Inhalers,.,.,,,.,0
q_0093,242,PATIENT-DEL,,COMPLETE,03/12/2012,02/09/2017,177,-9999,.,.,,,.,.
q_0094,113,PATIENT-DEL,,COMPLETE,03/18/2011,02/09/2017,177,Omega-3 Fatty Acid/ Fish Oil,.,.,,,0,1
q_0094,113,PATIENT-DEL,CP,COMPLETE,03/18/2011,03/18/2011,97,Lisinopril/ Prinivil/ Zestril,5,.,03/30/2003,,0,1
q_0094,113,PATIENT-DEL,CP,COMPLETE,03/18/2011,03/18/2011,97,Sodium Chloride,5,.,10/30/2001,,0,1
q_0094,113,PATIENT-DEL,CP,COMPLETE,03/18/2011,03/18/2011,97,Strattera/ Atomoxetine,-9998,.,06/01/2010,09/15/2010,0,0
q_0094,113,PATIENT-DEL,CP,COMPLETE,03/18/2011,12/19/2011,97,Vitamin D,400,.,03/18/2009,,0,1
q_0098,170,CONTROL,GE,COMPLETE,04/01/2011,04/08/2011,97,Accutane/ Isotretinoin,-9998,.,03/01/2011,,0,1
q_0099,182,CONTROL,ME,COMPLETE,04/01/2011,04/08/2011,177,-9999,.,.,,,.,.
q_0100,161,CONTROL,MH,COMPLETE,04/08/2011,04/08/2011,97,Inhalers,-9998,.,04/08/2002,,1,1
q_0101,122,CONTROL,JC,COMPLETE,04/12/2011,05/26/2011,97,-9999,.,.,,,.,.
q_0101,143,CONTROL,,COMPLETE,01/03/2013,02/09/2017,177,-9999,.,.,,,.,.
q_0102,98,CONTROL,ZC,COMPLETE,04/12/2011,05/26/2011,177,-9999,.,.,,,.,.
q_0102,119,CONTROL,,COMPLETE,01/03/2013,02/09/2017,177,-9999,.,.,,,.,.
q_0103,98,CONTROL,,COMPLETE,08/27/2012,02/09/2017,177,Inhalers,.,.,12/01/2009,,0,1
q_0103,82,CONTROL,NS,COMPLETE,04/18/2011,05/26/2011,97,Inhalers,.,.,12/01/2009,,0,1
q_0105,163,PATIENT-DEL,NB,COMPLETE,08/14/2012,09/01/2012,97,Zomig/ Zolmitriptan,5,.,01/01/2006,,1,1
q_0105,148,PATIENT-DEL,,COMPLETE,05/02/2011,02/09/2017,177,-9999,.,.,,,.,.
q_0105,177,PATIENT-DEL,NB,COMPLETE,10/08/2013,11/22/2013,126,Zomig/ Zolmitriptan,.,.,10/07/2011,,1,1
q_0109,256,CONTROL,JN,COMPLETE,05/26/2011,05/26/2011,97,-9999,.,.,,,.,.
q_0111,228,CONTROL,DF,COMPLETE,07/07/2011,08/12/2011,97,-9999,.,.,,,.,.
q_0112,103,PATIENT-DEL,ZK,COMPLETE,06/07/2011,06/15/2011,97,Calcium Carbonate/ Tums,1500,.,06/01/2009,,0,1
q_0112,103,PATIENT-DEL,ZK,COMPLETE,06/07/2011,06/15/2011,97,Aspirin,40,.,11/09/2002,,0,1
q_0112,120,PATIENT-DEL,,COMPLETE,11/14/2012,02/09/2017,177,-9999,.,.,,,.,.
q_0114,72,PATIENT-DEL,KN,COMPLETE,06/29/2011,08/12/2011,177,Sulfamethoxazole Trimethoprim/ Sulfatrim,18,.,05/01/2011,,0,1
q_0114,89,PATIENT-DEL,KN,COMPLETE,11/09/2012,11/13/2012,97,Antibiotics,2.5,-9999,,,.,1
q_0114,72,PATIENT-DEL,,COMPLETE,06/29/2011,02/09/2017,177,Nasal Spray,.,.,06/01/2010,,0,1
q_0114,104,PATIENT-DEL,,COMPLETE,02/06/2014,02/09/2017,177,-9999,.,.,,,.,.
q_0114,89,PATIENT-DEL,KN,COMPLETE,11/09/2012,11/13/2012,126,Nasal Spray,.,-9999,,,0,1
q_0117,170,CONTROL,AD,COMPLETE,08/31/2012,09/01/2012,97,Prilosec/ Omeprazole,20,.,08/01/2011,,0,1
q_0117,157,CONTROL,,COMPLETE,07/06/2011,02/09/2017,177,-9999,.,.,,,.,.
q_0118,228,PATIENT-DEL,MG,COMPLETE,07/08/2011,08/25/2011,97,Vitamin D,.,.,07/24/1992,,0,1
q_0118,228,PATIENT-DEL,MG,COMPLETE,07/08/2011,08/25/2011,97,PTH Hormone,0.54,.,01/01/2009,,0,1
q_0118,228,PATIENT-DEL,MG,COMPLETE,07/08/2011,08/25/2011,97,Iron,.,.,07/01/2007,,0,1
q_0118,228,PATIENT-DEL,MG,COMPLETE,07/07/2011,08/12/2011,97,Tums/ Calcium Carbonate,.,.,07/24/1992,,0,1
q_0120,162,PATIENT-DEL,JT,COMPLETE,06/18/2014,07/15/2014,149,-9999,.,.,,,.,.
q_0120,147,PATIENT-DEL,,COMPLETE,03/27/2013,02/09/2017,177,-9999,.,.,,,.,.
q_0120,127,PATIENT-DEL,JT,COMPLETE,07/11/2011,08/12/2011,149,-9999,.,.,,,.,.
q_0122,148,PATIENT-DEL,RCP,COMPLETE,07/18/2011,08/25/2011,97,Haldol/ Haloperidol,.,.,06/07/2011,06/07/2011,0,0
q_0122,148,PATIENT-DEL,RCP,COMPLETE,07/18/2011,08/25/2011,97,Sertraline/ Zoloft,25,.,03/01/2011,06/07/2011,0,0
q_0122,148,PATIENT-DEL,RCP,COMPLETE,07/18/2011,08/25/2011,97,Adderall ++/ Dextroamphetamine,40,.,03/01/2011,06/07/2011,0,0
q_0122,148,PATIENT-DEL,RCP,COMPLETE,07/18/2011,08/25/2011,97,Methylphenidate XR/ Concerta/ Metadate,40,.,01/15/2011,03/01/2011,0,0
q_0122,148,PATIENT-DEL,RCP,COMPLETE,07/18/2011,08/25/2011,97,Concerta/Methylphenidate XR,18,.,01/01/2011,01/15/2011,0,0
q_0122,148,PATIENT-DEL,RCP,COMPLETE,07/18/2011,08/25/2011,97,Clonidine/ Catapres,0.1,.,01/01/2011,07/03/2011,0,0
q_0122,148,PATIENT-DEL,RCP,COMPLETE,07/18/2011,08/25/2011,97,Clonidine/ Catapres,0.2,.,07/04/2011,,0,1
q_0122,148,PATIENT-DEL,RCP,COMPLETE,07/18/2011,08/25/2011,97,Risperidone/Risperdal,3,.,07/04/2011,,0,1
q_0122,148,PATIENT-DEL,RCP,COMPLETE,07/18/2011,08/25/2011,97,Cogentin/ Benztropine 	,.,.,06/07/2011,,0,0
q_0122,148,PATIENT-DEL,RCP,COMPLETE,07/18/2011,08/25/2011,97,Zyprexa/ Olanzapine,5,.,06/07/2011,07/01/2011,0,0
q_0124,179,PATIENT-DEL,,COMPLETE,07/28/2011,02/09/2017,177,Zyrtec / Cetirizine,10,.,,,0,1
q_0124,193,PATIENT-DEL,LJ,COMPLETE,09/17/2012,11/13/2012,97,Antihistamine,.,-9999,08/17/2012,,0,1
q_0124,193,PATIENT-DEL,LJ,COMPLETE,09/17/2012,11/13/2012,97,Flonase/ Fluticasone,.,-9999,08/10/2012,,0,1
q_0124,193,PATIENT-DEL,LJ,COMPLETE,09/17/2012,11/13/2012,177,Antibiotics,.,-9999,01/01/2012,01/01/2012,0,0
q_0124,207,PATIENT-DEL,LJ,COMPLETE,11/26/2013,04/17/2014,177,Zyrtec / Cetirizine,.,.,10/10/2013,,1,1
q_0124,179,PATIENT-DEL,LJ,COMPLETE,07/28/2011,08/12/2011,177,Inhalers,.,.,,,0,1
q_0126,229,CONTROL,,COMPLETE,03/05/2013,02/09/2017,177,-9999,.,.,,,.,.
q_0126,210,CONTROL,TC,COMPLETE,08/01/2011,08/12/2011,97,-9999,.,.,,,.,.
q_0127,73,CONTROL,RC,COMPLETE,08/08/2011,12/19/2011,97,-9999,.,.,,,.,.
q_0127,109,CONTROL,,COMPLETE,08/03/2014,02/09/2017,177,-9999,.,.,,,.,.
q_0127,92,CONTROL,,COMPLETE,03/05/2013,02/09/2017,177,-9999,.,.,,,.,.
q_0130,265,PATIENT-DEL,,COMPLETE,08/15/2011,02/14/2017,177,Keppra/ Levetiracetam,1500,.,07/01/2008,11/01/2010,0,0
q_0130,304,PATIENT-DEL,,COMPLETE,11/07/2014,03/04/2015,152,Ativan/ Lorazepam,-9999,.,08/22/2014,08/24/2014,0,0
q_0130,277,PATIENT-DEL,,COMPLETE,08/13/2012,02/14/2017,177,Celexa/ Citalopram,40,.,08/15/2011,,0,1
q_0130,277,PATIENT-DEL,SH,COMPLETE,08/13/2012,09/01/2012,97,Birth control pills/patch,20,.,,,0,1
q_0130,304,PATIENT-DEL,,COMPLETE,11/07/2014,03/04/2015,152,Xanax/ Alprazolam,-9999,.,08/23/2014,,1,1
q_0130,304,PATIENT-DEL,,COMPLETE,11/07/2014,02/14/2017,177,Celexa/ Citalopram,40,.,08/15/2011,,0,1
q_0130,265,PATIENT-DEL,SH,COMPLETE,08/15/2011,08/25/2011,152,Celexa/ Citalopram,40,.,05/01/2011,,0,1
q_0130,265,PATIENT-DEL,SH,COMPLETE,08/15/2011,08/25/2011,97,Birth control pills/patch,.,.,03/01/2011,,0,1
q_0130,265,PATIENT-DEL,SH,COMPLETE,08/15/2011,08/25/2011,97,Prozac/ Fluoxetine,-9998,.,07/01/2004,05/01/2011,0,0
q_0130,265,PATIENT-DEL,SH,COMPLETE,08/15/2011,08/25/2011,177,Inhalers,-9998,.,12/30/1989,,1,1
q_0130,265,PATIENT-DEL,SH,COMPLETE,08/15/2011,08/25/2011,177,Antihistamine,-9998,.,12/30/1989,,1,1
q_0130,265,PATIENT-DEL,SH,COMPLETE,08/15/2011,08/25/2011,97,Decongestant,-9998,.,,,1,0
q_0132,173,PATIENT-DEL,MP,COMPLETE,08/23/2011,08/25/2011,97,-9999,.,.,,,.,.
q_0135,88,CONTROL,JEP,COMPLETE,09/01/2011,09/15/2011,97,-9999,.,.,,,.,.
q_0136,77,CONTROL,JAP,COMPLETE,09/01/2011,09/15/2011,97,-9999,.,.,,,.,.
q_0137,104,CONTROL,RP,COMPLETE,09/02/2011,09/15/2011,97,-9999,.,.,,,.,.
q_0138,87,PATIENT-DEL,EG,COMPLETE,09/04/2012,03/10/2013,97,-9999,.,.,,,.,.
q_0138,75,PATIENT-DEL,,COMPLETE,09/06/2011,02/14/2017,177,-9999,.,.,,,.,.
q_0138,99,PATIENT-DEL,,COMPLETE,09/03/2013,02/14/2017,177,-9999,.,.,,,.,.
q_0141,166,PATIENT-DEL,KT,COMPLETE,10/10/2011,10/28/2011,97,-9999,.,.,,,.,.
q_0141,178,PATIENT-DEL,KT,COMPLETE,10/09/2012,11/13/2012,177,Zoloft/ Sertraline,.,.,10/09/2012,,0,1
q_0141,190,PATIENT-DEL,KT,COMPLETE,10/07/2013,11/22/2013,97,Zoloft/ Sertraline,20,.,,,0,1
q_0141,178,PATIENT-DEL,KT,COMPLETE,10/09/2012,06/01/2013,97,Miralax/ Polyethylene Glycol,.,.,,,0,1
q_0145,99,CONTROL,NK,COMPLETE,10/27/2011,12/19/2011,97,-9999,.,.,,,.,.
q_0146,202,CONTROL,JD,COMPLETE,12/07/2011,12/19/2011,97,-9999,.,.,,,.,.
q_0146,229,CONTROL,JD,COMPLETE,03/03/2014,06/08/2014,97,-9999,.,.,,,.,.
q_0146,213,CONTROL,JD,COMPLETE,11/08/2012,11/13/2012,126,-9999,.,.,,,.,.
q_0147,460,PATIENT-DEL,,COMPLETE,08/15/2014,02/14/2017,177,Sertraline/ Zoloft,25,.,02/01/2012,,0,1
q_0147,472,PATIENT-DEL,,COMPLETE,08/11/2015,02/01/2016,177,Amoxycillin,500,.,,08/11/2015,1,0
q_0147,428,PATIENT-DEL,MP,COMPLETE,12/16/2011,12/19/2011,97,Antibiotics,-9998,.,,,1,0
q_0147,460,PATIENT-DEL,,COMPLETE,08/15/2014,02/14/2017,177,Enalapril/ Vasotec,10,.,05/01/2010,,0,1
q_0147,428,PATIENT-DEL,MP,COMPLETE,12/16/2011,12/19/2011,97,Levothroid/ Levothyroxine sodium,10,.,01/01/2008,,0,1
q_0147,460,PATIENT-DEL,,COMPLETE,08/15/2014,02/14/2017,177,Simvastatin/ Zocor,10,.,10/01/2011,,0,1
q_0147,460,PATIENT-DEL,,COMPLETE,08/15/2014,02/14/2017,177,Ambien/ Zolpidem,10,.,10/01/2011,08/08/2013,.,0
q_0147,428,PATIENT-DEL,MP,COMPLETE,12/16/2011,12/19/2011,97,Simvastatin/ Zocor,-9998,.,01/01/2005,,0,1
q_0147,472,PATIENT-DEL,,COMPLETE,08/11/2015,02/01/2016,177,Ibuprofen,600,.,08/01/2013,,1,1
q_0147,460,PATIENT-DEL,,COMPLETE,08/15/2014,02/14/2017,177,Antibiotics,.,.,01/01/1978,,1,1
q_0147,428,PATIENT-DEL,MP,COMPLETE,12/16/2011,12/19/2011,97,Benadryl/ Diphenhydramine,-9998,.,01/01/1997,,1,1
q_0147,428,PATIENT-DEL,MP,COMPLETE,12/16/2011,12/19/2011,97,Flonase/ Fluticasone,-9998,.,01/01/2006,,0,1
q_0147,428,PATIENT-DEL,MP,COMPLETE,12/16/2011,12/19/2011,97,Flexeril/ Cyclobenzaprine,10,.,03/01/2011,,0,1
q_0147,428,PATIENT-DEL,MP,COMPLETE,12/16/2011,12/19/2011,97,Prilosec/ Omeprazole,20,.,01/01/2010,,0,1
q_0147,428,PATIENT-DEL,MP,COMPLETE,12/16/2011,12/19/2011,97,Antihistamine,-9999,.,10/01/2011,,0,1
q_0147,472,PATIENT-DEL,,COMPLETE,08/11/2015,02/01/2016,177,Enalapril/ Vasotec,10,.,08/01/2010,,0,1
q_0147,428,PATIENT-DEL,MP,COMPLETE,12/16/2011,12/19/2011,97,Zoloft/ Sertraline,10,.,09/01/2011,10/01/2011,0,0
q_0147,472,PATIENT-DEL,,COMPLETE,08/11/2015,02/01/2016,152,Simvastatin/ Zocor,10,.,,,0,1
q_0147,428,PATIENT-DEL,MP,COMPLETE,12/16/2011,12/19/2011,97,Ambien/ Zolpidem,10,.,10/01/2011,,0,1
q_0147,428,PATIENT-DEL,MP,COMPLETE,12/16/2011,12/19/2011,97,Enalapril/ Vasotec,20,.,01/01/2008,,0,1
q_0147,472,PATIENT-DEL,,COMPLETE,08/11/2015,02/01/2016,177,Sucralfate,1,.,08/01/2013,,1,1
q_0147,472,PATIENT-DEL,,COMPLETE,08/11/2015,02/01/2016,149,Sertraline/ Zoloft,25,.,02/01/2012,05/11/2015,0,0
q_0147,472,PATIENT-DEL,,COMPLETE,08/11/2015,02/01/2016,177,Zolpidem/ Ambien,5,.,08/01/2013,,1,1
q_0147,472,PATIENT-DEL,,COMPLETE,08/11/2015,02/01/2016,152,Levothyroxine sodium/ Levotabs/ Levothroid/ etc,75,.,08/01/2013,,0,1
q_0147,472,PATIENT-DEL,,COMPLETE,08/11/2015,02/01/2016,177,Flonase/ Fluticasone,.,.,08/01/2013,,0,1
q_0147,460,PATIENT-DEL,,COMPLETE,08/15/2014,02/14/2017,177,Levothyroxine sodium/ Levotabs/ Levothroid/ etc,75,.,05/01/2010,,0,1
q_0147,460,PATIENT-DEL,,COMPLETE,08/15/2014,02/14/2017,177,Omeprazole/ Prilosec,20,.,07/01/2014,,0,1
q_0147,472,PATIENT-DEL,,COMPLETE,08/11/2015,02/01/2016,177,Omeprazole/ Prilosec,20,.,08/01/2014,,0,1
q_0147,460,PATIENT-DEL,,COMPLETE,08/15/2014,02/14/2017,177,Antihistamine,.,.,01/01/2005,,0,1
q_0147,460,PATIENT-DEL,,COMPLETE,08/15/2014,02/14/2017,177,Flonase/ Fluticasone,.,.,01/01/2005,,0,1
q_0147,460,PATIENT-DEL,,COMPLETE,08/15/2014,02/14/2017,177,Pantoprazole,10,.,08/08/2013,,0,1
q_0147,460,PATIENT-DEL,,COMPLETE,08/15/2014,02/14/2017,177,Sucralfate,2,.,08/08/2013,,0,1
q_0149,196,CONTROL,DR,COMPLETE,12/19/2011,12/19/2011,97,-9999,.,.,,,.,.
q_0149,207,CONTROL,DR,COMPLETE,11/19/2012,11/20/2012,126,-9999,.,.,,,.,.
q_0150,177,CONTROL,CR,COMPLETE,11/19/2012,11/20/2012,126,-9999,.,.,,,.,.
q_0150,166,CONTROL,CR,COMPLETE,12/20/2011,01/25/2012,97,-9999,.,.,,,.,.
q_0151,159,PATIENT-DEL,GS,COMPLETE,01/11/2012,01/25/2012,97,Creatine,0.5,.,,,.,1
q_0151,159,PATIENT-DEL,GS,COMPLETE,01/11/2012,01/25/2012,97,Coenzyme Q-10/ Ubiquinone,400,.,,,.,1
q_0151,159,PATIENT-DEL,GS,COMPLETE,01/11/2012,01/25/2012,97,Carnitine/ L-Carnitine,-9998,.,,,.,1
q_0151,159,PATIENT-DEL,GS,COMPLETE,01/11/2012,01/25/2012,97,Strattera/ Atomoxetine,25,.,01/11/2009,,.,1
q_0151,159,PATIENT-DEL,GS,COMPLETE,01/11/2012,01/25/2012,97,Ritalin/ Methylphenidate,-9998,.,,,.,0
q_0151,159,PATIENT-DEL,GS,COMPLETE,01/11/2012,01/25/2012,97,Vitamin B6/ Pyridoxine,50,.,12/01/2010,,.,1
q_0151,159,PATIENT-DEL,GS,COMPLETE,01/11/2012,01/25/2012,97,Levetiracetam/ Keppra,1000,.,12/01/2010,,.,1
q_0151,159,PATIENT-DEL,GS,COMPLETE,01/11/2012,01/25/2012,97,Calcium Carbonate/ Tums,500,.,,,.,1
q_0151,159,PATIENT-DEL,GS,COMPLETE,01/11/2012,01/25/2012,97,Alpha-Lipoic Acid,300,.,,,.,1
q_0151,159,PATIENT-DEL,GS,COMPLETE,01/11/2012,01/25/2012,97,Inhalers,220,.,,,.,1
q_0151,159,PATIENT-DEL,GS,COMPLETE,01/11/2012,01/25/2012,97,Zoloft/ Sertraline,37.5,.,01/11/2009,,.,1
q_0151,159,PATIENT-DEL,GS,COMPLETE,01/11/2012,01/25/2012,97,Vitamin D,400,.,,,.,1
q_0153,113,PATIENT-DEL,CC,COMPLETE,01/19/2012,01/29/2014,126,Nasal Spray,1,-9999,01/01/2004,,0,1
q_0153,113,PATIENT-DEL,CC,COMPLETE,01/19/2012,01/29/2014,126,Albuterol / Proventil / Ventolin / Volmax / Vospire,1,.,03/01/2003,,1,1
q_0156,273,PATIENT-DEL,AR,COMPLETE,12/10/2013,02/18/2014,126,Bisoprolol,2.5,.,,,-9998,1
q_0156,250,PATIENT-DEL,,COMPLETE,01/30/2012,02/16/2017,177,Sucralfate,1,.,01/01/2011,,0,1
q_0156,273,PATIENT-DEL,,COMPLETE,12/10/2013,02/16/2017,177,Lexapro/ Escitalopram oxalate,.,.,,01/01/2013,0,0
q_0156,273,PATIENT-DEL,AR,COMPLETE,12/10/2013,02/18/2014,126,OPTIRE ADVANCED EYE DROPS,.,.,,,1,1
q_0156,273,PATIENT-DEL,AR,COMPLETE,12/10/2013,02/18/2014,126,Ranitidine / Rx-Act Heartburn Relief / Tritec / Wal-Zan / Zantac,150,.,,,0,1
q_0156,273,PATIENT-DEL,AR,COMPLETE,12/10/2013,02/18/2014,149,Sertraline/ Zoloft,50,.,01/30/2013,,0,1
q_0156,250,PATIENT-DEL,AR,COMPLETE,01/30/2012,02/16/2012,97,Unknown Psychostimulant,-9998,.,,,-9998,0
q_0156,273,PATIENT-DEL,AR,COMPLETE,12/10/2013,02/18/2014,126,AcETAMINOPHEN,325,.,,,1,1
q_0156,250,PATIENT-DEL,AR,COMPLETE,01/30/2012,02/16/2012,177,Lexapro/ Escitalopram oxalate,10,.,01/01/2009,,0,1
q_0156,250,PATIENT-DEL,AR,COMPLETE,01/30/2012,02/16/2012,97,Omeprazole/ Prilosec,20,.,01/01/2011,,1,1
q_0156,250,PATIENT-DEL,AR,COMPLETE,01/30/2012,02/16/2012,97,Bisoprolol,2.5,.,04/01/2010,,0,1
q_0156,273,PATIENT-DEL,AR,COMPLETE,12/10/2013,02/18/2014,126,PaNTOPRAZOLE SODIUM,40,.,,,0,1
q_0157,181,CONTROL,AC,COMPLETE,12/10/2013,02/01/2014,97,Omeprazole/ Prilosec,20,.,11/01/2013,,0,1
q_0157,181,CONTROL,AC,COMPLETE,12/10/2013,02/01/2014,97,Miralax/ Polyethylene Glycol,4,.,11/01/2013,,0,1
q_0157,158,CONTROL,AC,COMPLETE,01/31/2012,02/16/2012,97,Lexapro/ Escitalopram oxalate,-9998,.,01/01/2008,01/01/2009,0,0
q_0159,215,PATIENT-DEL,,COMPLETE,02/13/2013,02/16/2017,177,-9999,.,.,,,.,.
q_0159,203,PATIENT-DEL,SS,COMPLETE,02/02/2012,02/08/2012,177,Flonase/ Fluticasone,.,.,01/01/2005,,0,1
q_0161,241,CONTROL,JL,COMPLETE,04/16/2013,04/30/2013,177,Abilify/ Aripiprazole,5,.,02/01/2013,,0,1
q_0161,228,CONTROL,JL,COMPLETE,03/01/2012,03/22/2012,97,-9999,.,.,,,.,.
q_0162,181,CONTROL,MB,COMPLETE,03/20/2012,04/12/2012,97,-9999,.,.,,,.,.
q_0163,222,CONTROL,AM,COMPLETE,03/26/2012,04/12/2012,97,-9999,.,.,,,.,.
q_0166,83,CONTROL,DJ,COMPLETE,04/05/2012,06/10/2012,177,Albuterol / Proventil / Ventolin / Volmax / Vospire,.,.,01/01/2005,,1,1
q_0166,104,CONTROL,DJ,COMPLETE,01/09/2014,04/15/2014,126,Albuterol / Proventil / Ventolin / Volmax / Vospire,2,.,01/01/2005,,1,1
q_0167,94,CONTROL,JB,COMPLETE,04/05/2012,04/12/2012,97,-9999,.,.,,,.,.
q_0168,154,CONTROL,JB,COMPLETE,04/06/2012,04/12/2012,97,-9999,.,.,,,.,.
q_0169,154,CONTROL,JB,COMPLETE,04/06/2012,04/12/2012,97,-9999,.,.,,,.,.
q_0170,125,CONTROL,,COMPLETE,11/22/2014,02/16/2017,177,-9999,.,.,,,.,.
q_0170,94,CONTROL,GP,COMPLETE,04/10/2012,04/12/2012,97,Antihistamine,.,.,,,1,1
q_0170,94,CONTROL,GP,COMPLETE,04/10/2012,04/12/2012,97,Antibiotics,.,.,,,1,1
q_0171,142,CONTROL,,COMPLETE,11/25/2014,03/02/2015,177,Zyrtec / Cetirizine,.,.,,,1,1
q_0171,111,CONTROL,HP,COMPLETE,04/10/2012,02/11/2014,126,Fluticasone/ Flonase,.,.,,,1,1
q_0171,111,CONTROL,HP,COMPLETE,04/10/2012,02/11/2014,126,Benadryl/ Diphenhydramine,.,.,,,1,1
q_0171,111,CONTROL,HP,COMPLETE,04/10/2012,02/11/2014,126,Fluocinolone Acetonid/Synalar,.,.,,,1,1
q_0171,111,CONTROL,HP,COMPLETE,04/10/2012,04/12/2012,97,Antihistamine,.,.,,,1,1
q_0172,198,CONTROL,AA,COMPLETE,04/17/2014,06/08/2014,97,-9999,.,.,,,.,.
q_0172,174,CONTROL,AA,COMPLETE,04/12/2012,04/12/2012,97,-9999,.,.,,,.,.
q_0172,186,CONTROL,,COMPLETE,04/26/2013,02/17/2017,177,-9999,.,.,,,.,.
q_0173,215,CONTROL,AA,COMPLETE,04/17/2014,06/08/2014,97,-9999,.,.,,,.,.
q_0173,203,CONTROL,,COMPLETE,04/26/2013,02/17/2017,177,-9999,.,.,,,.,.
q_0173,191,CONTROL,AA,COMPLETE,04/12/2012,06/17/2012,97,-9999,.,.,,,.,.
q_0174,271,PATIENT-DEL,,COMPLETE,04/27/2015,02/17/2017,177,"Colace / Correctol Soft Gels/ Diocto / Ex-Lax Stool Softener / Fleet Sof-Lax / Phillips' Liqui-Gels / Surfack",200,.,,,0,1
q_0174,271,PATIENT-DEL,,COMPLETE,04/27/2015,02/17/2017,177,Zantac / Ranitidine / Rx-Act Heartburn Relief / Tritec / Wal-Zan,300,.,,,0,1
q_0174,271,PATIENT-DEL,,COMPLETE,04/27/2015,02/17/2017,177,Nexium / Esomeprazole,40,.,,,0,1
q_0174,235,PATIENT-DEL,DG,COMPLETE,04/17/2012,06/04/2012,97,Fluticasone/ Flonase,1,-9999,,,0,1
q_0174,271,PATIENT-DEL,,COMPLETE,04/27/2015,02/17/2017,177,Budesonide Oral Inhalation / Pulmicort,1,.,,,0,1
q_0174,235,PATIENT-DEL,DG,COMPLETE,04/17/2012,06/04/2012,97,Nexium / Esomeprazole,40,-9999,,,0,1
q_0174,271,PATIENT-DEL,,COMPLETE,04/27/2015,02/17/2017,177,Brovana / Arformoterol Inhalation,.,.,,,0,1
q_0174,271,PATIENT-DEL,,COMPLETE,04/27/2015,02/17/2017,177,Vitamin D,.,.,,,0,1
q_0174,235,PATIENT-DEL,DG,COMPLETE,04/17/2012,06/04/2012,97,"Colace / Correctol Soft Gels/ Diocto / Ex-Lax Stool Softener / Fleet Sof-Lax / Phillips' Liqui-Gels / Surfack",100,-9999,,,0,1
q_0174,271,PATIENT-DEL,,COMPLETE,04/27/2015,02/17/2017,177,Montelukast Sodium / Singulair,10,.,,,0,1
q_0174,271,PATIENT-DEL,,COMPLETE,04/27/2015,02/17/2017,177,Prozac/ Fluoxetine,20,.,,,0,1
q_0174,271,PATIENT-DEL,,COMPLETE,04/27/2015,02/17/2017,177,Zyrtec / Cetirizine,10,.,,,0,1
q_0174,271,PATIENT-DEL,,COMPLETE,04/27/2015,02/17/2017,177,Benztropine/ Cogentin,2,.,,,0,1
q_0174,271,PATIENT-DEL,,COMPLETE,04/27/2015,05/18/2015,177,Carbamazepine/ Tegretol/ Atretol/ etc,200,.,,,0,1
q_0174,271,PATIENT-DEL,,COMPLETE,04/27/2015,05/18/2015,152,Clonazepam/ Klonopin,1,.,,,0,1
q_0174,271,PATIENT-DEL,,COMPLETE,04/27/2015,05/18/2015,152,Fluphenazine Decanoate/ Prolixin Decanoate,5,.,,,0,1
q_0174,271,PATIENT-DEL,,COMPLETE,04/27/2015,02/17/2017,177,Ferrous Sulfate / Iron,5,.,,,0,1
q_0174,271,PATIENT-DEL,,COMPLETE,04/27/2015,05/18/2015,149,Zofran,4,.,,,1,1
q_0174,271,PATIENT-DEL,,COMPLETE,04/27/2015,05/18/2015,149,Valium/ Diazepam	,5,.,,,1,1
q_0174,271,PATIENT-DEL,,COMPLETE,04/27/2015,02/17/2017,177,Zonisamide / Zonegran,100,.,,,0,1
q_0174,235,PATIENT-DEL,DG,COMPLETE,04/17/2012,06/04/2012,97,Zonegran / Zonisamide,100,-9998,,,0,1
q_0174,235,PATIENT-DEL,DG,COMPLETE,04/17/2012,06/04/2012,126,Vitamin D,-9998,-9999,,,0,1
q_0174,235,PATIENT-DEL,DG,COMPLETE,04/17/2012,06/04/2012,97,Singulair / Montelukast Sodium,10,-9999,,,0,1
q_0174,235,PATIENT-DEL,DG,COMPLETE,04/17/2012,06/04/2012,97,Zyrtec / Cetirizine,10,-9999,,,0,1
q_0174,235,PATIENT-DEL,DG,COMPLETE,04/17/2012,06/04/2012,97,Brovana / Arformoterol Inhalation,150,-9999,,,0,1
q_0174,235,PATIENT-DEL,DG,COMPLETE,04/17/2012,06/04/2012,97,Albuterol / Proventil / Ventolin / Volmax / Vospire,2.5,-9999,,,1,1
q_0174,235,PATIENT-DEL,DG,COMPLETE,04/17/2012,06/04/2012,97,Ferrous Sulfate / Iron,5,-9999,,,0,1
q_0174,235,PATIENT-DEL,DG,COMPLETE,04/17/2012,06/04/2012,97,Pulmicort / Budesonide Oral Inhalation,.,-9999,,,0,1
q_0174,235,PATIENT-DEL,DG,COMPLETE,04/17/2012,06/04/2012,97,Ranitidine / Rx-Act Heartburn Relief / Tritec / Wal-Zan / Zantac,150,-9999,,,0,1
q_0174,235,PATIENT-DEL,DG,COMPLETE,04/17/2012,06/04/2012,126,Prozac/ Fluoxetine,20,-9999,,,0,1
q_0176,136,CONTROL,AG,COMPLETE,04/24/2012,06/17/2012,177,Inhalers,.,.,,,1,1
q_0176,149,CONTROL,,COMPLETE,05/07/2013,02/17/2017,177,Inhalers,.,.,,,0,1
q_0176,165,CONTROL,,COMPLETE,09/19/2014,10/27/2014,152,Albuterol / Proventil / Ventolin / Volmax / Vospire,.,-9999,,,0,1
q_0177,183,PATIENT-DUP,JM,COMPLETE,05/01/2012,06/06/2012,126,Strattera/ Atomoxetine,40,-9999,01/01/2003,,0,1
q_0177,183,PATIENT-DUP,JM,COMPLETE,05/01/2012,06/06/2012,126,Risperdal/ Risperidone,0.5,-9999,01/01/2003,,0,1
q_0178,101,PATIENT-DUP,JM,COMPLETE,05/01/2012,06/17/2012,97,Daytrana/ Methylphenidate Transdermal,5,.,08/01/2011,,1,1
q_0182,157,PATIENT-DEL,PS,COMPLETE,05/17/2012,05/31/2012,97,Desmopressin/ DDAVP,10,-9999,04/01/2011,,0,1
q_0182,157,PATIENT-DEL,PS,COMPLETE,05/17/2012,05/31/2012,126,Concerta/Methylphenidate XR,36,-9999,09/01/2010,,0,1
q_0182,157,PATIENT-DEL,PS,COMPLETE,05/17/2012,05/31/2012,126,Lexapro/ Escitalopram oxalate,15,-9999,04/01/2011,,0,1
q_0184,87,CONTROL,JGB,COMPLETE,05/17/2012,06/17/2012,97,-9999,.,.,,,.,.
q_0185,132,CONTROL,AGB,COMPLETE,05/17/2012,06/30/2012,97,-9999,.,.,,,.,.
q_0186,196,PATIENT-DEL,,COMPLETE,04/10/2015,05/18/2015,152,Melatonin,5,.,10/01/2014,,0,1
q_0186,161,PATIENT-DEL,EE,COMPLETE,05/23/2012,06/17/2012,97,Zoloft/ Sertraline,50,.,04/01/2011,,0,1
q_0186,196,PATIENT-DEL,,COMPLETE,04/10/2015,02/21/2017,177,Zoloft/ Sertraline,.,.,04/01/2011,01/01/2014,.,0
q_0188,141,CONTROL,KM,COMPLETE,05/24/2012,06/30/2012,97,-9999,.,.,,,.,.
q_0189,87,CONTROL,KM,COMPLETE,05/24/2012,06/30/2012,97,-9999,.,.,,,.,.
q_0190,148,PATIENT-DEL,AM,COMPLETE,05/31/2012,06/17/2012,97,Gentamicin Sulfate/ Garamycin,480,.,12/13/2000,,1,1
q_0190,148,PATIENT-DEL,AM,COMPLETE,05/31/2012,06/17/2012,97,Keflex/ Cephalexin,500,.,03/12/2012,,1,1
q_0190,148,PATIENT-DEL,AM,COMPLETE,05/31/2012,06/17/2012,97,Sulfatrim/ Sulfamethoxazole Trimethoprim,400,.,03/13/2012,,1,1
q_0190,175,PATIENT-DEL,,COMPLETE,08/29/2014,02/21/2017,177,Macrodantin/ Nitrofurantoin,50,.,,,1,1
q_0190,148,PATIENT-DEL,AM,COMPLETE,05/31/2012,06/17/2012,97,Macrodantin/ Nitrofurantoin,25,.,12/12/2000,,1,1
q_0190,148,PATIENT-DEL,AM,COMPLETE,05/31/2012,06/17/2012,97,Detrol LA/ tolterodine tartrate,4,.,12/13/2000,,1,1
q_0190,163,PATIENT-DEL,,COMPLETE,08/13/2013,02/21/2017,177,Sulfamethoxazole Trimethoprim/ Sulfatrim,400,.,,,1,1
q_0190,175,PATIENT-DEL,,COMPLETE,08/29/2014,01/23/2015,152,Sulfamethoxazole Trimethoprim/ Sulfatrim,80,.,,,.,1
q_0190,163,PATIENT-DEL,,COMPLETE,08/13/2013,02/21/2017,177,Macrodantin/ Nitrofurantoin,50,.,,,1,1
q_0192,73,PATIENT-DEL,AG,COMPLETE,06/15/2012,06/30/2012,97,Pulmicort / Budesonide Oral Inhalation,0.5,.,02/01/2012,,0,1
q_0192,73,PATIENT-DEL,AG,COMPLETE,06/15/2012,06/30/2012,97,Prevacid/ Lansoprazole,15,.,06/01/2007,,0,1
q_0192,73,PATIENT-DEL,AG,COMPLETE,06/15/2012,06/30/2012,97,Flonase/ Fluticasone,.,.,02/01/2012,,1,1
q_0192,85,PATIENT-DEL,AG,COMPLETE,06/11/2013,04/15/2014,126,Patanol/Olopatadine,1,.,06/01/2013,,0,1
q_0192,73,PATIENT-DEL,,COMPLETE,06/15/2012,02/21/2017,177,Albuterol / Proventil / Ventolin / Volmax / Vospire,.,.,,,1,0
q_0192,73,PATIENT-DEL,,COMPLETE,06/15/2012,02/21/2017,177,Racemic Epinephrine,.,.,05/01/2010,,1,1
q_0192,73,PATIENT-DEL,,COMPLETE,06/15/2012,02/21/2017,177,Melatonin,1.25,.,,,0,1
q_0192,85,PATIENT-DEL,,COMPLETE,06/11/2013,02/21/2017,177,Flonase/ Fluticasone,.,.,02/01/2012,,.,1
q_0192,85,PATIENT-DEL,,COMPLETE,06/11/2013,02/21/2017,177,Budesonide Oral Inhalation / Pulmicort,.,.,02/01/2012,,0,1
q_0192,97,PATIENT-DEL,,COMPLETE,06/17/2014,02/21/2017,177,-9998,.,.,,,.,.
q_0192,73,PATIENT-DEL,,COMPLETE,06/15/2012,02/21/2017,177,Lasix/Furosemide/Delone/ Furocot/Lo-Aqua,.,.,,,0,0
q_0192,85,PATIENT-DEL,AG,COMPLETE,06/11/2013,06/22/2013,97,Methimazole/ Tapazole,15,.,11/01/2012,,0,1
q_0192,85,PATIENT-DEL,AG,COMPLETE,06/11/2013,04/15/2014,126,RaCEMIC EPINEPHRINE,11.25,.,01/01/2009,,1,1
q_0192,85,PATIENT-DEL,AG,COMPLETE,06/11/2013,04/15/2014,126,Melatonin,2,.,01/01/2011,,0,1
q_0196,113,CONTROL,,COMPLETE,06/18/2015,02/21/2017,177,-9999,.,.,,,.,.
q_0196,92,CONTROL,,COMPLETE,09/26/2013,02/21/2017,177,-9999,.,.,,,.,.
q_0196,77,CONTROL,KM,COMPLETE,06/20/2012,07/27/2012,97,-9999,.,.,,,.,.
q_0197,170,PATIENT-DEL,JY,COMPLETE,06/21/2012,07/27/2012,97,Abilify/ Aripiprazole,2,.,12/13/2007,01/01/2012,0,0
q_0197,170,PATIENT-DEL,JY,COMPLETE,06/21/2012,07/27/2012,97,Ritalin/ Methylphenidate,-9998,.,04/30/2001,01/01/2010,0,0
q_0197,170,PATIENT-DEL,,COMPLETE,06/21/2012,02/21/2017,177,Metamucil,2,.,05/08/2012,,0,1
q_0197,170,PATIENT-DEL,,COMPLETE,06/21/2012,02/21/2017,177,Unknown Psychostimulant,.,.,,,.,0
q_0197,170,PATIENT-DEL,,COMPLETE,06/21/2012,02/21/2017,177,Miralax/ Polyethylene Glycol,24,.,05/08/2012,,0,1
q_0197,170,PATIENT-DEL,,COMPLETE,06/21/2012,02/21/2017,177,Senokot,2,.,05/08/2012,,0,1
q_0200,119,PATIENT-DEL,JT,COMPLETE,08/05/2013,08/22/2013,97,Antibiotics,.,.,07/22/2013,,1,1
q_0200,139,PATIENT-DEL,,COMPLETE,04/03/2015,02/21/2017,177,-9999,.,.,,,.,.
q_0200,119,PATIENT-DEL,,COMPLETE,08/05/2013,02/21/2017,177,Inhalers,.,.,,,1,1
q_0200,106,PATIENT-DEL,JT,COMPLETE,07/09/2012,07/27/2012,97,Xopenex/ Levalbuterol,45,.,08/01/2009,,1,1
q_0200,106,PATIENT-DEL,JT,COMPLETE,07/09/2012,07/27/2012,97,Nasal Spray,.,.,06/01/2011,,1,1
q_0200,106,PATIENT-DEL,JT,COMPLETE,07/09/2012,07/27/2012,97,Inhalers,110,.,08/01/2009,,1,1
q_0206,73,PATIENT-DEL,ZC,COMPLETE,07/17/2012,07/27/2012,97,Ergocalciferol/ Deltalin,0.1,.,01/01/2011,,0,1
q_0206,112,PATIENT-DEL,,COMPLETE,10/08/2015,10/12/2015,152,-9999,.,.,,,.,.
q_0206,73,PATIENT-DEL,,COMPLETE,07/17/2012,02/21/2017,177,Zantac / Ranitidine / Rx-Act Heartburn Relief / Tritec / Wal-Zan,1,.,01/01/2006,01/01/2009,0,0
q_0206,73,PATIENT-DEL,,COMPLETE,07/17/2012,02/21/2017,177,Calcium,.,.,06/12/2006,,0,0
q_0206,73,PATIENT-DEL,,COMPLETE,07/17/2012,02/21/2017,177,Bactrim,.,.,01/01/2006,01/01/2007,0,0
q_0208,82,PATIENT-DEL,BS,COMPLETE,07/23/2012,08/24/2012,126,Antihistamine,.,.,01/20/2009,,1,1
q_0208,82,PATIENT-DEL,BS,COMPLETE,07/23/2012,08/24/2012,126,Nutropin/ Human Growth Hormone/ Somatropin,0.8,.,03/01/2009,,0,1
q_0210,213,,,COMPLETE,07/26/2012,02/21/2017,177,Albuterol / Proventil / Ventolin / Volmax / Vospire,200,.,,,1,0
q_0213,94,PATIENT-DEL,RO,COMPLETE,08/12/2012,08/24/2012,97,Melatonin,3,.,01/01/2012,,1,1
q_0213,119,PATIENT-DEL,,COMPLETE,09/26/2014,02/21/2017,177,-9999,.,.,,,.,.
q_0213,94,PATIENT-DEL,RO,COMPLETE,08/12/2012,08/24/2012,97,Miralax/ Polyethylene Glycol,17,.,10/01/2005,,1,1
q_0215,140,CONTROL,NE,COMPLETE,08/06/2012,09/01/2012,97,Concerta/Methylphenidate XR,36,.,03/01/2012,,0,1
q_0215,140,CONTROL,NE,COMPLETE,08/06/2012,09/01/2012,97,Strattera/ Atomoxetine,15,.,03/01/2012,,0,1
q_0215,176,CONTROL,,COMPLETE,08/17/2015,10/09/2015,152,-9999,.,.,,,.,.
q_0216,202,CONTROL,DE,COMPLETE,08/09/2012,09/01/2012,97,-9999,.,.,,,.,.
q_0216,238,CONTROL,,COMPLETE,08/17/2015,10/09/2015,152,-9999,.,.,,,.,.
q_0217,206,PATIENT-DEL,ELT,COMPLETE,08/10/2012,08/24/2012,177,Singulair / Montelukast Sodium,.,.,,,1,0
q_0217,223,PATIENT-DEL,ET,COMPLETE,01/14/2014,02/01/2014,177,SpIRONOLACTONE,20,.,01/14/2013,,1,1
q_0217,223,PATIENT-DEL,,COMPLETE,01/14/2014,02/21/2017,177,Singulair / Montelukast Sodium,.,.,,,1,1
q_0217,223,PATIENT-DEL,ET,COMPLETE,01/14/2014,02/01/2014,177,Antibiotics,.,.,01/14/2013,,1,1
q_0217,206,PATIENT-DEL,ELT,COMPLETE,08/10/2012,08/24/2012,97,Antihistamine,.,.,,,1,1
q_0217,236,PATIENT-DEL,,COMPLETE,02/14/2015,02/21/2017,177,-9999,.,.,,,.,.
q_0217,223,PATIENT-DEL,ET,COMPLETE,01/14/2014,02/01/2014,177,AcZONE,.,.,01/14/2000,,1,1
q_0219,253,PATIENT-DEL,,COMPLETE,09/01/2015,02/01/2016,177,Omega-3 Fatty Acid/ Fish Oil,3.6,.,08/01/2013,,0,1
q_0219,253,PATIENT-DEL,,COMPLETE,09/01/2015,02/01/2016,177,Melatonin,5,.,08/01/2012,,1,1
q_0219,253,PATIENT-DEL,,COMPLETE,09/01/2015,02/01/2016,177,Pepcid,20,.,02/01/2015,,1,1
q_0219,216,PATIENT-DEL,DU,COMPLETE,08/17/2012,08/24/2012,97,Antibiotics,.,.,01/01/1994,,1,1
q_0219,216,PATIENT-DEL,DU,COMPLETE,08/17/2012,08/24/2012,97,Kondremul Oral,1,.,01/01/2000,,1,1
q_0219,240,PATIENT-DEL,,COMPLETE,08/12/2014,02/21/2017,177,Melatonin,5,.,08/30/2013,,0,1
q_0219,253,PATIENT-DEL,,COMPLETE,09/01/2015,02/01/2016,177,S-adenosyl methionine,400,.,08/01/2013,,0,1
q_0219,240,PATIENT-DEL,,COMPLETE,08/12/2014,02/21/2017,177,Omega-3 Fatty Acid/ Fish Oil,3,.,08/30/2013,,0,1
q_0219,240,PATIENT-DEL,,COMPLETE,08/12/2014,02/21/2017,177,S-adenosyl methionine,400,.,08/01/2013,,0,1
q_0222,151,PATIENT-DEL,TT,COMPLETE,08/20/2012,09/01/2012,177,-9999,.,.,,,.,.
q_0223,72,CONTROL,JT,COMPLETE,08/22/2012,09/01/2012,97,-9999,.,.,,,.,.
q_0225,102,CONTROL,GG,COMPLETE,09/04/2012,10/16/2012,177,-9999,.,.,,,.,.
q_0225,133,CONTROL,,COMPLETE,04/03/2015,02/23/2017,177,Zoloft/ Sertraline,.,.,11/01/2012,12/01/2013,.,0
q_0225,114,CONTROL,,COMPLETE,09/03/2013,02/23/2017,177,Zoloft/ Sertraline,25,.,11/01/2012,,.,1
q_0225,133,CONTROL,,COMPLETE,04/03/2015,02/23/2017,177,-9999,.,.,,,.,.
q_0227,473,PATIENT-DEL,CE,COMPLETE,10/13/2012,11/15/2012,177,-9999,.,.,,,.,.
q_0228,239,CONTROL,EO,COMPLETE,01/29/2014,02/18/2014,126,-9999,.,.,,,.,.
q_0228,223,CONTROL,EO,COMPLETE,09/27/2012,10/16/2012,126,-9999,.,.,,,.,.
q_0229,244,CONTROL,BC,COMPLETE,09/13/2012,06/01/2013,177,-9999,.,.,,,.,.
q_0230,82,PATIENT-DEL,JM,COMPLETE,11/01/2012,06/01/2013,97,-9999,.,.,,,.,.
q_0232,175,PATIENT-DEL,EAM,COMPLETE,12/12/2012,04/10/2013,177,SpRINTEC,0.25,.,02/01/2012,,0,1
q_0234,151,PATIENT-DEL,JP,COMPLETE,03/25/2014,05/20/2014,126,Adderall ++/ Dextroamphetamine,30,.,12/01/2013,,0,1
q_0234,136,PATIENT-DEL,JP,COMPLETE,12/12/2012,06/01/2013,177,-9999,.,.,,,.,.
q_0236,73,PATIENT-DEL,DR,COMPLETE,03/07/2013,04/05/2013,177,OxyGEN THERAPY,.,-9999,04/06/2011,,1,1
q_0236,73,PATIENT-DEL,DR,COMPLETE,03/07/2013,04/05/2013,177,Methylphenidate/ Ritalin/ Methylin,2.5,-9999,01/08/2013,,0,1
q_0236,73,PATIENT-DEL,DR,COMPLETE,03/07/2013,04/05/2013,177,FluoCINOLONE ACETONID/SYNALAR,0.025,-9999,11/14/2012,,0,1
q_0236,73,PATIENT-DEL,DR,COMPLETE,03/07/2013,04/05/2013,97,Albuterol / Proventil / Ventolin / Volmax / Vospire,.,.,,,-9998,1
q_0236,73,PATIENT-DEL,DR,COMPLETE,03/07/2013,04/05/2013,177,NutrITIONAL SUPPLEMENTS,.,-9999,08/27/2012,,-9998,1
q_0236,73,PATIENT-DEL,DR,COMPLETE,03/07/2013,04/05/2013,97,Calcitriol,2,-9999,06/05/2012,,0,1
q_0236,73,PATIENT-DEL,DR,COMPLETE,03/07/2013,04/05/2013,177,OlOPATADINE (PATANOL),0.1,-9999,,,-9998,1
q_0236,73,PATIENT-DEL,DR,COMPLETE,03/07/2013,04/05/2013,177,SpaCER/AERO-HOLDING CHAMBERS,.,-9999,11/22/2010,,-9998,1
q_0236,73,PATIENT-DEL,DR,COMPLETE,03/07/2013,04/05/2013,97,Calcium Carbonate/ Tums,1250,-9999,01/30/2013,,1,1
q_0236,73,PATIENT-DEL,DR,COMPLETE,03/07/2013,04/05/2013,177,PEDIATRIC MULTIVIT-MINERALS-C,60,.,08/26/2011,,-9998,1
q_0236,73,PATIENT-DEL,DR,COMPLETE,03/07/2013,04/05/2013,97,Budesonide Oral Inhalation / Pulmicort,.,-9999,,,-9998,1
q_0238,244,PATIENT-DEL,,COMPLETE,08/04/2014,02/23/2017,177,Vyvanse,.,.,,,.,0
q_0238,259,PATIENT-DEL,,COMPLETE,11/13/2015,01/11/2016,152,Ativan/ Lorazepam,5,.,08/05/2014,10/01/2014,1,0
q_0238,259,PATIENT-DEL,,COMPLETE,11/13/2015,01/11/2016,152,Vyvanse,10,.,09/01/2014,03/01/2015,1,0
q_0238,259,PATIENT-DEL,,COMPLETE,11/13/2015,01/11/2016,152,Lexapro/ Escitalopram oxalate,20,.,09/01/2014,01/31/2015,0,0
q_0238,259,PATIENT-DEL,,COMPLETE,11/13/2015,01/11/2016,177,Lexapro/ Escitalopram oxalate,20,.,02/01/2015,,0,1
q_0238,259,PATIENT-DEL,,COMPLETE,11/13/2015,01/11/2016,152,Birth control pills/patch,.,.,08/01/2015,,.,1
q_0238,244,PATIENT-DEL,RK,COMPLETE,08/04/2014,09/11/2014,149,Lexapro/ Escitalopram oxalate,20,.,,,0,1
q_0238,259,PATIENT-DEL,,COMPLETE,11/13/2015,01/11/2016,152,Lexapro/ Escitalopram oxalate,20,.,08/05/2014,08/31/2014,0,0
q_0238,244,PATIENT-DEL,RK,COMPLETE,08/04/2014,09/11/2014,149,Ativan/ Lorazepam,5,.,08/01/2013,,1,1
q_0238,227,PATIENT-DEL,RK,COMPLETE,03/20/2013,04/08/2013,126,Lexapro/ Escitalopram oxalate,22.5,.,11/01/2010,,0,1
q_0240,290,PATIENT-DEL,,COMPLETE,03/23/2015,02/23/2017,177,-9999,.,.,,,.,.
q_0240,281,PATIENT-DEL,NZ,COMPLETE,06/25/2014,07/22/2014,177,Amitriptyline/Elavil/ Endep,.,.,05/15/2014,,0,1
q_0240,266,PATIENT-DEL,NZ,COMPLETE,03/26/2013,04/13/2013,97,-9999,.,.,,,.,.
q_0242,230,PATIENT-DEL,AK,COMPLETE,03/27/2013,04/09/2013,126,Adderall ++/ Dextroamphetamine,.,.,,,0,0
q_0242,268,PATIENT-DEL,,COMPLETE,05/16/2016,02/23/2017,177,Magnesium,.,.,05/01/2013,,0,1
q_0242,268,PATIENT-DEL,,COMPLETE,05/16/2016,08/16/2016,177,Vitamin D,.,.,05/01/2013,,0,0
q_0242,230,PATIENT-DEL,AK,COMPLETE,03/27/2013,04/09/2013,177,Clonidine/ Catapres,5,.,12/01/2012,,1,1
q_0242,230,PATIENT-DEL,AK,COMPLETE,03/27/2013,04/09/2013,126,Ritalin/ Methylphenidate,.,.,,,0,0
q_0242,230,PATIENT-DEL,AK,COMPLETE,03/27/2013,04/09/2013,177,Concerta/Methylphenidate XR,27,.,01/01/2010,,0,1
q_0242,268,PATIENT-DEL,,COMPLETE,05/16/2016,08/16/2016,177,Levothyroxine sodium/ Levotabs/ Levothroid/ etc,125,.,11/01/2014,,0,1
q_0242,268,PATIENT-DEL,,COMPLETE,05/16/2016,08/16/2016,177,Keppra/ Levetiracetam,1250,.,05/01/2015,,0,1
q_0242,268,PATIENT-DEL,,COMPLETE,05/16/2016,08/16/2016,177,Xanax/ Alprazolam,0.25,.,11/01/2015,,1,1
q_0242,268,PATIENT-DEL,,COMPLETE,05/16/2016,08/16/2016,177,Vitamin D,.,.,04/01/2016,,0,1
q_0242,230,PATIENT-DEL,AK,COMPLETE,03/27/2013,04/09/2013,126,Zoloft/ Sertraline,.,.,08/01/2012,10/01/2012,0,0
q_0244,313,PATIENT-DEL,,COMPLETE,09/22/2014,02/23/2017,177,Calcitriol,.,.,,,0,1
q_0244,313,PATIENT-DEL,,COMPLETE,09/22/2014,02/23/2017,177,Abilify/ Aripiprazole,2.5,.,07/01/2011,,0,1
q_0244,301,PATIENT-DEL,RY,COMPLETE,09/16/2013,11/16/2013,97,Calcitriol,50,.,01/01/1999,,0,1
q_0244,301,PATIENT-DEL,RY,COMPLETE,09/16/2013,11/16/2013,97,Ritalin/ Methylphenidate,25,.,05/01/2013,,0,1
q_0244,301,PATIENT-DEL,RY,COMPLETE,09/16/2013,11/16/2013,97,Risperdal/ Risperidone,12.5,.,08/01/2013,,0,1
q_0244,301,PATIENT-DEL,RY,COMPLETE,09/16/2013,11/16/2013,97,Abilify/ Aripiprazole,2,.,07/01/2011,,0,1
q_0244,313,PATIENT-DEL,,COMPLETE,09/22/2014,02/23/2017,177,Ritalin/ Methylphenidate,30,.,06/01/2013,,0,1
q_0244,313,PATIENT-DEL,,COMPLETE,09/22/2014,02/23/2017,177,Risperidone/Risperdal,5,.,08/25/2013,,0,1
q_0246,142,PATIENT-DEL,SW,COMPLETE,09/23/2013,11/16/2013,97,Xopenex/ Levalbuterol,1,.,01/01/2010,,1,1
q_0246,142,PATIENT-DEL,SW,COMPLETE,09/23/2013,11/16/2013,177,NaPROXEN,500,.,01/01/2009,,1,1
q_0250,187,PATIENT-DEL,,COMPLETE,10/06/2015,02/01/2016,177,Zoloft/ Sertraline,.,.,04/01/2015,,0,1
q_0250,174,PATIENT-DEL,,COMPLETE,09/24/2014,02/23/2017,177,Focalin/ Dexmethylphenidate,5,.,09/01/2014,,.,1
q_0250,163,PATIENT-DEL,RL,COMPLETE,10/01/2013,11/16/2013,97,-9999,.,.,,,.,.
q_0250,187,PATIENT-DEL,,COMPLETE,10/06/2015,02/01/2016,177,Focalin/ Dexmethylphenidate,5,.,09/01/2014,,0,1
q_0252,321,PATIENT-DEL,,COMPLETE,12/09/2013,02/23/2017,177,Stool Softener,.,.,12/01/2011,,0,1
q_0252,321,PATIENT-DEL,,COMPLETE,12/09/2013,02/23/2017,177,Vitamin B50,.,.,12/01/2010,,0,1
q_0252,321,PATIENT-DEL,,COMPLETE,12/09/2013,02/23/2017,177,Vitamin C,.,.,12/01/2010,,0,1
q_0252,321,PATIENT-DEL,JP,COMPLETE,12/09/2013,02/01/2014,177,Haloperidol/ Haldol,10,.,12/01/2010,,0,1
q_0252,321,PATIENT-DEL,JP,COMPLETE,12/09/2013,02/01/2014,177,Benztropine/ Cogentin,1,.,12/01/2010,,0,1
q_0252,321,PATIENT-DEL,JP,COMPLETE,12/09/2013,02/01/2014,97,Hydroxyzine/ Atarax/ Vistaril,50,.,,09/01/2013,0,0
q_0252,321,PATIENT-DEL,JP,COMPLETE,12/09/2013,02/01/2014,177,Trazodone/ Desyrel,150,.,12/01/2009,,0,1
q_0252,321,PATIENT-DEL,JP,COMPLETE,12/09/2013,02/01/2014,177,Lexapro/ Escitalopram oxalate,20,.,12/01/2010,,0,1
q_0255,123,PATIENT-DEL,,COMPLETE,10/20/2014,01/23/2015,152,Concerta/Methylphenidate XR,27,.,11/01/2013,,-9998,1
q_0257,326,PATIENT-DEL,W,COMPLETE,06/04/2014,07/22/2014,149,Albuterol / Proventil / Ventolin / Volmax / Vospire,1.25,.,,,0,1
q_0257,326,PATIENT-DEL,EW,COMPLETE,06/04/2014,07/15/2014,177,NexPLANON,35,.,04/01/2013,,0,1
q_0257,326,PATIENT-DEL,W,COMPLETE,06/04/2014,07/22/2014,149,Topamax/ Topiramate,50,.,09/01/2013,,0,1
q_0257,326,PATIENT-DEL,W,COMPLETE,06/04/2014,07/22/2014,149,imitrex,50,.,09/01/2013,,0,1
q_0257,326,PATIENT-DEL,EW,COMPLETE,06/04/2014,07/15/2014,177,Zoloft/ Sertraline,-9999,.,,,0,0
q_0257,326,PATIENT-DEL,W,COMPLETE,06/04/2014,07/22/2014,177,Ativan/ Lorazepam,0.5,.,01/01/2009,,1,1
q_0257,326,PATIENT-DEL,EW,COMPLETE,06/04/2014,07/22/2014,149,Prozac/ Fluoxetine,-9998,-9999,,,0,0
q_0257,326,PATIENT-DEL,EW,COMPLETE,06/04/2014,07/22/2014,149,Effexor XR/ Venlafaxine,275,-9999,09/01/2003,01/01/2014,0,0
q_0257,326,PATIENT-DEL,EW,COMPLETE,06/04/2014,07/22/2014,149,Zyrtec / Cetirizine,10,-9999,01/01/2011,01/01/2014,0,0
q_0257,326,PATIENT-DEL,EW,COMPLETE,06/04/2014,07/22/2014,149,Omeprazole/ Prilosec,20,-9999,01/01/2012,01/01/2014,0,0
q_0257,326,PATIENT-DEL,EW,COMPLETE,06/04/2014,07/22/2014,149,Fluticasone/ Flonase,500,-9999,05/19/2014,,0,1
q_0258,79,PATIENT-DEL,,COMPLETE,06/04/2014,02/23/2017,177,Zyrtec / Cetirizine,7.5,.,,,0,1
q_0258,79,PATIENT-DEL,,COMPLETE,06/04/2014,02/23/2017,177,Vitamins,.,.,,,0,1
q_0258,79,PATIENT-DEL,,COMPLETE,06/04/2014,02/23/2017,177,Singulair / Montelukast Sodium,10,.,,,0,1
q_0258,79,PATIENT-DEL,,COMPLETE,06/04/2014,02/23/2017,177,Omeprazole/ Prilosec,20,.,,,0,1
q_0258,79,PATIENT-DEL,,COMPLETE,06/04/2014,02/23/2017,177,Vyvanse,30,.,,,0,1
q_0258,79,PATIENT-DEL,,COMPLETE,06/04/2014,02/23/2017,177,Adderall ++/ Dextroamphetamine,5,.,,,0,1
q_0258,79,PATIENT-DEL,,COMPLETE,06/04/2014,02/23/2017,177,Inhalers,.,.,,,1,1
q_0260,208,PATIENT-DEL,,COMPLETE,10/26/2015,11/09/2015,152,-9999,.,.,,,.,.
q_0260,192,PATIENT-DEL,,COMPLETE,06/10/2014,02/23/2017,177,-9999,.,.,,,.,.
q_0263,114,PATIENT-DEL,,COMPLETE,09/15/2014,11/14/2014,152,Abilify/ Aripiprazole,15,.,07/01/2014,,.,1
q_0263,114,PATIENT-DEL,,COMPLETE,09/15/2014,11/14/2014,152,Seroquel/ Quetiapine,300,.,07/01/2014,,.,1
q_0263,114,PATIENT-DEL,,COMPLETE,09/15/2014,11/14/2014,177,Adderall ++/ Dextroamphetamine,60,.,07/01/2014,,.,1
q_0266,97,PATIENT-DEL,,COMPLETE,02/29/2016,02/23/2017,177,-9999,.,.,,,.,.
q_0266,79,PATIENT-DEL,,COMPLETE,08/12/2014,11/21/2014,177,-9999,.,.,,,.,.
q_0268,552,PATIENT-DUP,,COMPLETE,10/13/2014,02/23/2017,177,-9999,.,.,,,.,.
q_0269,159,PATIENT-DUP,,COMPLETE,10/13/2014,11/21/2014,152,Dexedrine/ Dextroamphetamine,15,.,05/01/2007,,.,1
q_0269,159,PATIENT-DUP,,COMPLETE,10/13/2014,11/21/2014,177,Guanfacine/ Tenex,2,.,10/01/2013,,.,1
q_0271,190,PATIENT-DUP,,COMPLETE,10/10/2014,12/05/2014,152,Tylenol,100,.,06/01/2011,,1,1
q_0271,190,PATIENT-DUP,,COMPLETE,10/10/2014,12/05/2014,152,Focalin/ Dexmethylphenidate,30,.,06/01/2011,,0,1
q_0271,190,PATIENT-DUP,,COMPLETE,10/10/2014,12/05/2014,152,Seroquel/ Quetiapine,25,.,05/01/2014,,0,1
q_0271,190,PATIENT-DUP,,COMPLETE,10/10/2014,12/05/2014,152,Melatonin,10,.,06/01/2010,06/01/2014,1,0
q_0271,190,PATIENT-DUP,,COMPLETE,10/10/2014,12/05/2014,152,Guanfacine/ Tenex,1,.,08/01/2014,,0,1
q_0271,190,PATIENT-DUP,,COMPLETE,10/10/2014,12/05/2014,152,Depakote/ Divalproex,1500,.,05/01/2009,02/01/2013,0,0
q_0271,190,PATIENT-DUP,,COMPLETE,10/10/2014,12/05/2014,152,Depakote/ Divalproex,1000,.,05/01/2014,,0,1
q_0273,236,PATIENT-DEL,,COMPLETE,10/06/2014,01/23/2015,152,anxiety meds,.,.,,,.,0
q_0276,263,CONTROL,,COMPLETE,11/17/2014,01/23/2015,177,Birth control pills/patch,.,.,11/01/2010,,.,1
q_0277,128,PATIENT-DUP,,COMPLETE,12/10/2014,10/05/2015,152,Abilify/ Aripiprazole,5,.,06/01/2010,11/01/2012,0,0
q_0277,128,PATIENT-DUP,,COMPLETE,12/10/2014,10/05/2015,177,DDAVP/ Desmopressin,0.6,.,04/30/2008,,0,1
q_0277,128,PATIENT-DUP,,COMPLETE,12/10/2014,10/05/2015,177,Adderall ++/ Dextroamphetamine,30,.,04/30/2012,,0,1
q_0277,128,PATIENT-DUP,,COMPLETE,12/10/2014,10/05/2015,152,Vyvanse,.,.,,,0,0
q_0277,128,PATIENT-DUP,,COMPLETE,12/10/2014,10/05/2015,152,Imitrex,5,.,02/01/2014,,0,1
q_0277,128,PATIENT-DUP,,COMPLETE,12/10/2014,10/05/2015,152,Cetirizine / Zyrtec,10,.,05/01/2014,,0,1
q_0277,128,PATIENT-DUP,,COMPLETE,12/10/2014,10/05/2015,152,Zoloft/ Sertraline,25,.,06/01/2009,05/01/2014,0,0
q_0278,115,PATIENT-DUP,,COMPLETE,12/09/2014,10/05/2015,152,Zoloft/ Sertraline,12.5,.,01/01/2012,,0,1
q_0278,115,PATIENT-DUP,,COMPLETE,12/09/2014,10/05/2015,152,Adderall ++/ Dextroamphetamine,10,.,08/01/2014,,0,1
q_0279,98,PATIENT-DUP,,COMPLETE,12/14/2014,06/05/2015,152,DDAVP/ Desmopressin,0.2,.,04/01/2007,,0,1
q_0279,98,PATIENT-DUP,,COMPLETE,12/14/2014,06/05/2015,152,Depakote/ Divalproex,300,.,01/01/2007,01/01/2013,0,0
q_0279,98,PATIENT-DUP,,COMPLETE,12/14/2014,06/05/2015,152,Apriso,0.375,.,02/01/2010,,0,1
q_0279,98,PATIENT-DUP,,COMPLETE,12/14/2014,06/05/2015,152,Zonegran / Zonisamide,100,.,08/01/2013,,0,1
q_0279,98,PATIENT-DUP,,COMPLETE,12/14/2014,06/05/2015,152,Vimpat,50,.,08/01/2013,,0,1
q_0281,235,CONTROL,,COMPLETE,01/22/2015,02/24/2017,177,-9999,.,.,,,.,.
q_0282,324,CONTROL,,COMPLETE,02/23/2015,02/24/2017,177,-9999,.,.,,,.,.
q_0283,240,CONTROL,,COMPLETE,02/23/2015,02/24/2017,177,-9999,.,.,,,.,.
q_0284,453,PATIENT-DUP,,COMPLETE,03/18/2015,02/24/2017,177,-9999,.,.,,,.,.
q_0285,162,PATIENT-DUP,,COMPLETE,03/17/2015,10/12/2015,152,-9999,.,.,,,.,.
q_0286,141,PATIENT-DUP,,COMPLETE,03/16/2015,10/12/2015,177,-9999,.,.,,,.,.
q_0287,102,PATIENT-DUP,,COMPLETE,03/17/2015,10/12/2015,152,-9999,.,.,,,.,.
q_0288,64,PATIENT-DUP,,COMPLETE,03/17/2015,10/12/2015,152,-9999,.,.,,,.,.
q_0291,100,PATIENT-DEL,,COMPLETE,04/17/2015,10/05/2015,152,Calcitriol,0.25,.,09/01/2012,,0,1
q_0294,246,CONTROL,,COMPLETE,04/24/2015,02/24/2017,177,Birth control pills/patch,.,.,02/15/2015,,.,1
q_0295,278,CONTROL,,COMPLETE,04/27/2015,10/05/2015,152,Naproxene/Aleve,.,.,04/23/2015,,.,1
q_0295,278,CONTROL,,COMPLETE,04/27/2015,10/05/2015,152,Birth control pills/patch,.,.,,,.,1
q_0296,471,PATIENT-DUP,,COMPLETE,05/04/2015,10/05/2015,152,Fluoxetine/Prozac,40,.,04/01/2007,,.,1
q_0296,471,PATIENT-DUP,,COMPLETE,05/04/2015,10/05/2015,152,Omeprazole/ Prilosec,20,.,04/01/2007,,.,1
q_0296,471,PATIENT-DUP,,COMPLETE,05/04/2015,10/05/2015,152,Lamotrigine/ Lamictal,100,.,04/01/2013,,.,1
q_0296,471,PATIENT-DUP,,COMPLETE,05/04/2015,10/05/2015,152,Fenofibrate,160,.,04/01/2007,,.,1
q_0296,471,PATIENT-DUP,,COMPLETE,05/04/2015,10/05/2015,152,Simvastatin/ Zocor,80,.,04/01/2007,,.,1
q_0296,471,PATIENT-DUP,,COMPLETE,05/04/2015,10/05/2015,152,Ritalin/ Methylphenidate,20,.,04/01/2013,,.,1
q_0297,125,PATIENT-DUP,,COMPLETE,05/05/2015,10/05/2015,152,Adderall ++/ Dextroamphetamine,.,.,,,0,0
q_0297,125,PATIENT-DUP,,COMPLETE,05/05/2015,10/05/2015,152,Concerta/Methylphenidate XR,.,.,,,0,0
q_0297,125,PATIENT-DUP,,COMPLETE,05/05/2015,10/05/2015,152,Strattera/ Atomoxetine,.,.,,,0,0
q_0297,125,PATIENT-DUP,,COMPLETE,05/05/2015,10/05/2015,152,Methylphenidate,15,.,02/01/2012,,0,1
q_0298,114,PATIENT-DUP,,COMPLETE,05/06/2015,10/12/2015,152,Clonidine/ Catapres,0.1,-9999,07/01/2014,,.,1
q_0298,114,PATIENT-DUP,,COMPLETE,05/06/2015,10/12/2015,152,Prozac/ Fluoxetine,20,-9999,01/01/2015,,.,1
q_0299,87,PATIENT-DUP,,COMPLETE,05/05/2015,02/24/2017,177,-9999,.,.,,,.,.
q_0300,66,PATIENT-DUP,,COMPLETE,05/05/2015,02/24/2017,177,-9999,.,.,,,.,.
q_0303,297,CONTROL,,COMPLETE,05/11/2015,05/18/2015,152,Birth control pills/patch,.,.,09/01/2008,,0,1
q_0303,297,CONTROL,,COMPLETE,05/11/2015,05/18/2015,152,Escitalopram oxalate/ Lexapro,5,.,01/01/2013,,0,1
q_0304,320,CONTROL,,COMPLETE,06/16/2015,02/24/2017,177,-9999,.,.,,,.,.
q_0306,285,CONTROL,,COMPLETE,05/11/2015,10/12/2015,152,-9999,.,.,,,.,.
q_0307,152,PATIENT-DEL,,COMPLETE,10/13/2015,02/18/2016,177,Keppra/ Levetiracetam,1000,.,05/01/2015,,0,1
q_0307,152,PATIENT-DEL,,COMPLETE,10/13/2015,02/18/2016,152,Keppra/ Levetiracetam,750,.,07/01/2014,05/01/2015,0,0
q_0310,288,PATIENT-DEL,,COMPLETE,11/18/2015,04/14/2016,177,Antibiotics,.,.,01/01/2002,02/01/2002,0,0
q_0310,288,PATIENT-DEL,,COMPLETE,11/18/2015,04/14/2016,177,Antibiotics,.,.,06/01/2013,06/08/2013,0,0
q_0311,180,PATIENT-DUP,,COMPLETE,12/07/2015,04/04/2016,152,Concerta/Methylphenidate XR,36,.,01/01/2006,12/01/2008,0,0
q_0311,180,PATIENT-DUP,,COMPLETE,12/07/2015,04/04/2016,152,Celexa/ Citalopram,5,.,11/01/2008,11/14/2008,0,0
q_0313,104,PATIENT-DUP,,COMPLETE,12/10/2015,02/18/2016,152,Cynomet?,-9999,.,01/01/2014,07/01/2014,0,0
q_0313,104,PATIENT-DUP,,COMPLETE,12/10/2015,02/18/2016,177,Levocarnitine,4,.,04/01/2010,,0,1
q_0313,104,PATIENT-DUP,,COMPLETE,12/10/2015,02/18/2016,177,Acyclovir,6,.,04/01/2014,,0,1
q_0313,104,PATIENT-DUP,,COMPLETE,12/10/2015,02/18/2016,152,Antibiotics,-9999,.,,,0,0
q_0313,104,PATIENT-DUP,,COMPLETE,12/10/2015,02/18/2016,152,Prevacid/ Lansoprazole,20,.,07/01/2007,04/01/2008,0,0
q_0313,104,PATIENT-DUP,,COMPLETE,12/10/2015,02/18/2016,177,Leucovorin b12 cream,-9999,.,01/01/2014,,0,1
q_0315,80,PATIENT-DUP,,COMPLETE,01/26/2016,04/11/2016,177,Antibiotics,.,.,12/13/2015,12/23/2015,0,0
q_0315,80,PATIENT-DUP,,COMPLETE,01/26/2016,04/11/2016,177,Miralax/ Polyethylene Glycol,.,.,01/01/2015,,0,1
q_0317,62,PATIENT-DUP,,COMPLETE,02/22/2016,04/11/2016,177,Singulair / Montelukast Sodium,4,.,01/01/2014,,0,1
q_0317,62,PATIENT-DUP,,COMPLETE,02/22/2016,04/11/2016,177,Diastat,10,.,08/01/2014,,1,1
q_0317,62,PATIENT-DUP,,COMPLETE,02/22/2016,04/11/2016,177,Pulmicort / Budesonide Oral Inhalation,.,.,,,1,1
q_0317,62,PATIENT-DUP,,COMPLETE,02/22/2016,03/07/2017,177,Xyponex,.,.,,,1,1
q_0317,62,PATIENT-DUP,,COMPLETE,02/22/2016,04/11/2016,177,Duoneb,.,.,,,1,1
q_0319,127,PATIENT-DUP,,COMPLETE,03/24/2016,04/11/2016,177,Melatonin,5,.,01/01/2015,,0,1
q_0319,127,PATIENT-DUP,,COMPLETE,03/24/2016,04/11/2016,177,Vyvanse,50,.,11/01/2014,,0,1
q_0321,387,PATIENT-DUP,,COMPLETE,02/23/2016,04/11/2016,149,Klonopin/ Clonazepam,2,.,11/01/2012,,0,1
q_0321,387,PATIENT-DUP,,COMPLETE,02/23/2016,04/11/2016,177,Hydrocodone+ acetaminophen/ Vicodin,325,.,09/01/2013,,1,1
q_0321,387,PATIENT-DUP,,COMPLETE,02/23/2016,04/11/2016,149,Topamax/ Topiramate,25,.,,,0,1
q_0322,298,PATIENT-DUP,,COMPLETE,03/31/2016,04/11/2016,177,Aspirin,.,.,01/01/2004,,0,1
q_0322,298,PATIENT-DUP,,COMPLETE,03/31/2016,04/11/2016,177,Enalapril/ Vasotec,.,.,01/01/2004,,0,1
q_0324,100,PATIENT-DUP,,COMPLETE,04/06/2016,03/07/2017,177,-9999,.,.,,,.,.
q_0326,236,PATIENT-DUP,,COMPLETE,04/14/2016,08/05/2016,177,-9999,.,.,,,.,.
q_0327,513,PATIENT-DUP,,COMPLETE,04/14/2016,08/05/2016,177,Celexa/ Citalopram,.,.,01/01/2006,01/01/2007,0,0
q_0327,513,PATIENT-DUP,,COMPLETE,04/14/2016,08/05/2016,177,Prozac/ Fluoxetine,.,.,01/01/2001,01/01/2006,0,0
q_0328,108,PATIENT-DEL,,COMPLETE,04/25/2016,03/07/2017,177,Methadone/Dolophine,.,.,04/01/2007,12/01/2007,.,0
q_0328,108,PATIENT-DEL,,COMPLETE,04/25/2016,03/07/2017,177,Methadone/Dolophine,.,.,04/01/2007,12/01/2007,.,0
q_0328,108,PATIENT-DEL,,COMPLETE,04/25/2016,03/07/2017,177,Calcitriol,.,.,04/01/2007,04/01/2007,.,0
q_0328,108,PATIENT-DEL,,COMPLETE,04/25/2016,03/07/2017,177,Calcium,.,.,04/01/2007,12/01/2007,.,0
q_0328,108,PATIENT-DEL,,COMPLETE,04/25/2016,03/07/2017,177,Saline,.,.,,,.,1
q_0328,108,PATIENT-DEL,,COMPLETE,04/25/2016,03/07/2017,177,Fluticasone/ Flonase,.,.,,,.,1
q_0328,108,PATIENT-DEL,,COMPLETE,04/25/2016,03/07/2017,177,Melatonin,3,.,,,.,1
q_0328,108,PATIENT-DEL,,COMPLETE,04/25/2016,03/07/2017,177,Vitamin B2,200,.,,,.,1
q_0328,108,PATIENT-DEL,,COMPLETE,04/25/2016,03/07/2017,177,Coenzyme Q-10/ Ubiquinone,15,.,02/01/2016,,.,1
q_0331,229,PATIENT-DEL,,COMPLETE,06/30/2016,03/07/2017,177,-9999,.,.,,,.,.
q_0017,179,PATIENT-DEL,MW,COMPLETE,10/02/2017,01/12/2018,3,GuanFACINE,1,.,05/01/2017,,0,1
q_0017,179,PATIENT-DEL,MW,COMPLETE,10/02/2017,01/12/2018,3,Sertraline,200,.,07/01/2012,,0,1
q_0313,128,PATIENT-DUP,MW,COMPLETE,12/14/2017,01/12/2018,4,Acyclovir,12,-9999,01/01/2016,01/01/1900,0,1
q_0277,163,PATIENT-DUP,MW,COMPLETE,11/29/2017,01/12/2018,4,Singulair,5,-9999,01/01/2005,01/01/1900,0,1
q_0277,163,PATIENT-DUP,MW,COMPLETE,11/29/2017,01/12/2018,4,Adderall,50,.,01/01/2006,01/01/1900,0,1
q_0277,163,PATIENT-DUP,MW,COMPLETE,11/29/2017,01/12/2018,4,GuanFACINE,4,.,01/01/2010,01/01/1900,0,1
q_0277,163,PATIENT-DUP,MW,COMPLETE,11/29/2017,01/12/2018,4,Oxybutynin,5,.,01/01/2009,01/01/1900,0,1
q_0277,163,PATIENT-DUP,MW,COMPLETE,11/29/2017,01/12/2018,4,Fludrocortisone,-9999,.,08/01/2017,01/01/1900,0,1
q_0277,163,PATIENT-DUP,MW,COMPLETE,11/29/2017,01/12/2018,4,Ortho Tri-Cyclen,-9999,.,08/01/2016,01/01/1900,0,1
q_0277,163,PATIENT-DUP,MW,COMPLETE,11/29/2017,01/12/2018,4,DDAVP,-9999,.,01/01/2006,01/01/1900,0,1
q_0277,163,PATIENT-DUP,MW,COMPLETE,11/29/2017,01/12/2018,4,Zoloft,-9999,.,01/01/2009,01/01/1900,0,1
q_0277,163,PATIENT-DUP,MW,COMPLETE,11/29/2017,01/12/2018,4,Macrodantin,25,.,01/01/2008,01/01/1900,0,1
q_0277,163,PATIENT-DUP,MW,COMPLETE,11/29/2017,01/12/2018,4,magnesium,400,.,11/01/2017,01/01/1900,0,1
q_0278,150,PATIENT-DUP,MW,COMPLETE,11/30/2017,01/25/2018,4,Adderall,10,.,01/01/2011,,0,1
q_0278,150,PATIENT-DUP,MW,COMPLETE,11/30/2017,01/25/2018,4,GuanFACINE,3,.,01/01/2011,,0,1
q_0278,150,PATIENT-DUP,MW,COMPLETE,11/30/2017,01/25/2018,4,Zoloft,12.5,.,01/01/2011,,0,1
q_0278,150,PATIENT-DUP,MW,COMPLETE,11/30/2017,01/25/2018,4,Amitriptyline,25,.,01/01/2011,,0,1
q_0278,150,PATIENT-DUP,MW,COMPLETE,11/30/2017,01/25/2018,4,Singulair,5,.,01/01/2007,,0,1
q_0278,150,PATIENT-DUP,MW,COMPLETE,11/30/2017,01/25/2018,4,Levocetirizine,2.5,.,01/01/2007,,0,1
q_0278,150,PATIENT-DUP,MW,COMPLETE,11/30/2017,01/25/2018,4,Vitamin D2,.,.,01/01/2017,,0,1
q_0278,150,PATIENT-DUP,MW,COMPLETE,11/30/2017,01/25/2018,4,Fish Oil,.,.,01/01/2017,,0,1
q_0278,150,PATIENT-DUP,MW,COMPLETE,11/30/2017,01/25/2018,4,Advair HFA,225,.,01/01/2007,,0,1
q_0278,150,PATIENT-DUP,MW,COMPLETE,11/30/2017,01/25/2018,4,ProAir HFA,.,.,01/01/2007,,1,1
q_0278,150,PATIENT-DUP,MW,COMPLETE,11/30/2017,01/25/2018,4,Ventolin HFA,.,.,01/01/2007,,1,1
q_0291,130,PATIENT-DEL,MW,COMPLETE,10/13/2017,01/25/2018,4,Calcium and Vitamin D,.,.,08/01/2017,,0,1
q_0291,130,PATIENT-DEL,MW,COMPLETE,10/13/2017,01/25/2018,4,Tums,.,.,08/01/2017,,0,1
q_0338,81,PATIENT-DUP,SH,COMPLETE,02/17/2017,01/25/2018,4,Lactulose,20,.,02/01/2016,,0,1
q_0317,74,PATIENT-DUP,MFH,COMPLETE,02/27/2017,01/25/2018,4,Singulair,5,.,11/15/2016,02/27/2017,0,1
q_0317,74,PATIENT-DUP,MFH,COMPLETE,02/27/2017,01/25/2018,4,Zolpidem,0.31,.,11/15/2016,,1,1
q_0342,292,PATIENT-DEL,MDG,COMPLETE,03/14/2017,01/26/2018,4,Lipitor,10,.,,,0,1
q_0342,292,PATIENT-DEL,MDG,COMPLETE,03/14/2017,01/26/2018,4,MetFORMIN,750,.,,,0,1
q_0342,292,PATIENT-DEL,MDG,COMPLETE,03/14/2017,01/26/2018,4,Abilify,30,.,,,0,1
q_0342,292,PATIENT-DEL,MDG,COMPLETE,03/14/2017,01/26/2018,4,Seroquel,100,.,,,0,1
q_0342,292,PATIENT-DEL,MDG,COMPLETE,03/14/2017,01/26/2018,4,Trileptal,1500,.,,,0,1
q_0342,292,PATIENT-DEL,MDG,COMPLETE,03/14/2017,01/26/2018,4,Ativan,2,.,,,1,1
q_0342,292,PATIENT-DEL,MDG,COMPLETE,03/14/2017,01/26/2018,4,Albuterol,.,.,,,1,1
q_0321,400,PATIENT-DUP,MFH,COMPLETE,03/27/2017,02/06/2018,5,Norco,325,.,07/01/2013,,1,1
q_0321,400,PATIENT-DUP,MFH,COMPLETE,03/27/2017,02/06/2018,5,Topamax,100,.,07/01/2016,,0,1
q_0321,400,PATIENT-DUP,MFH,COMPLETE,03/27/2017,02/06/2018,5,Zoloft,100,-9999,01/01/2017,,0,1
q_0321,400,PATIENT-DUP,MFH,COMPLETE,03/27/2017,02/06/2018,5,Flexeril,10,-9999,01/01/2017,,1,1
q_0321,400,PATIENT-DUP,MFH,COMPLETE,03/27/2017,02/06/2018,5,Neurontin,200,-9999,10/15/2016,,0,1
q_0319,139,PATIENT-DUP,MFH,COMPLETE,03/27/2017,02/06/2018,5,Vyvanse,50,-9999,06/15/2013,,0,1
q_0319,139,PATIENT-DUP,MFH,COMPLETE,03/27/2017,02/06/2018,5,Vistaril,25,-9999,03/01/2017,,1,1
q_0289,442,"FAMILY MEMBER, PATIENT-DUP",SH,COMPLETE,03/22/2017,02/06/2018,5,Zoloft,.,-9999,01/01/2005,01/08/2005,0,0
q_0279,133,PATIENT-DUP,MW,COMPLETE,11/29/2017,02/09/2018,11,Adderall,15,-9999,10/01/2008,,0,1
q_0279,133,PATIENT-DUP,MW,COMPLETE,11/29/2017,02/09/2018,11,Magnesium,400,.,11/01/2017,,0,1
q_0279,133,PATIENT-DUP,MW,COMPLETE,11/29/2017,02/09/2018,11,Levocarnitine,330,.,10/01/2008,,0,1
q_0355,77,PATIENT-DEL,MFH,COMPLETE,06/05/2017,02/09/2018,4,Methimazole,0.5,.,06/01/2016,06/05/2017,0,1
q_0279,133,PATIENT-DUP,MW,COMPLETE,11/29/2017,02/09/2018,11,Stimate,1.5,.,10/01/2008,,1,1
q_0279,133,PATIENT-DUP,MW,COMPLETE,11/29/2017,02/09/2018,11,Singulair,5,.,10/01/2008,,0,1
q_0279,133,PATIENT-DUP,MW,COMPLETE,11/29/2017,02/09/2018,11,OXcarbazepine,600,.,10/01/2011,,0,1
q_0279,133,PATIENT-DUP,MW,COMPLETE,11/29/2017,02/09/2018,11,Oxybutynin,5,.,10/01/2011,,0,1
q_0279,133,PATIENT-DUP,MW,COMPLETE,11/29/2017,02/09/2018,11,Imipramine,25,.,10/01/2011,,0,1
q_0307,171,PATIENT-DEL,SH,COMPLETE,05/31/2017,02/09/2018,4,Trileptal,300,.,03/01/2017,,0,1
q_0350,347,CONTROL,MDG,COMPLETE,04/18/2017,02/09/2018,11,Strattera,.,.,06/01/2011,09/30/2011,0,0
q_0348,184,PATIENT-DUP,MFH,COMPLETE,04/20/2017,02/09/2018,11,FLUoxetine,10,.,07/15/2011,01/15/2012,0,0
q_0348,184,PATIENT-DUP,MFH,COMPLETE,04/20/2017,02/09/2018,11,FLUoxetine,10,.,03/15/2010,09/15/2010,0,0
q_0348,184,PATIENT-DUP,MFH,COMPLETE,04/20/2017,02/09/2018,11,FLUoxetine,10,.,05/15/2009,11/15/2009,0,0
q_0147,500,PATIENT-DEL,LC,COMPLETE,12/11/2017,02/13/2018,5,Dicyclomine,20,.,10/01/2017,,.,1
q_0147,500,PATIENT-DEL,LC,COMPLETE,12/11/2017,02/13/2018,5,ProAir HFA,.,.,11/15/2017,,.,1
q_0147,500,PATIENT-DEL,LC,COMPLETE,12/11/2017,02/13/2018,5,Omeprazole,40,.,12/01/2016,,.,1
q_0147,500,PATIENT-DEL,LC,COMPLETE,12/11/2017,02/13/2018,5,Montelukast Sodium / Singulair,10,.,11/15/2017,,.,1
q_0147,500,PATIENT-DEL,LC,COMPLETE,12/11/2017,02/13/2018,5,Enalapril,10,.,12/01/2007,,.,1
q_0147,500,PATIENT-DEL,LC,COMPLETE,12/11/2017,02/13/2018,5,Levothyroxine,88,.,12/01/2007,,.,1
q_0147,500,PATIENT-DEL,LC,COMPLETE,12/11/2017,02/13/2018,5,Simvastatin,10,.,12/01/2007,,.,1
q_0147,500,PATIENT-DEL,LC,COMPLETE,12/11/2017,02/13/2018,5,Zolpidem Tartrate,10,.,12/01/2015,,.,1
q_0147,500,PATIENT-DEL,LC,COMPLETE,12/11/2017,02/13/2018,5,Ibuprofen,800,.,12/01/2015,,.,1
q_0147,500,PATIENT-DEL,LC,COMPLETE,12/11/2017,02/13/2018,5,Azelastine,.,.,12/01/2017,,.,1
q_0147,500,PATIENT-DEL,LC,COMPLETE,12/11/2017,02/13/2018,5,Fluticasone,.,.,12/01/2012,,.,1
q_0114,148,PATIENT-DEL,MW,COMPLETE,10/04/2017,02/13/2018,5,Immune Globulin (Subcutaneous),.,1,01/01/2015,,0,1
q_0235,543,"FAMILY MEMBER, CONTROL",MFH,COMPLETE,05/25/2017,02/13/2018,5,Escitalopram,20,-9999,09/01/2014,,0,1
q_0235,543,"FAMILY MEMBER, CONTROL",MFH,COMPLETE,05/25/2017,02/13/2018,5,Lamictal,100,-9999,09/01/2014,,0,1
q_0235,543,"FAMILY MEMBER, CONTROL",MFH,COMPLETE,05/25/2017,02/13/2018,5,Hyoscine Butylbromide,10,-9999,01/01/2002,,1,1
q_0235,543,"FAMILY MEMBER, CONTROL",MFH,COMPLETE,05/01/2017,02/13/2018,5,MetFORMIN,1000,-9999,07/01/2016,,0,1
q_0235,543,"FAMILY MEMBER, CONTROL",MFH,COMPLETE,05/01/2017,02/13/2018,5,Prozac,.,-9999,01/01/2006,04/01/2006,0,0
q_0235,543,"FAMILY MEMBER, CONTROL",MFH,COMPLETE,05/01/2017,02/13/2018,5,Wellbutrin,.,-9999,04/01/2006,04/01/2007,0,0
q_0351,149,PATIENT-DUP,MDG,COMPLETE,04/25/2017,02/15/2018,4,Zoloft,100,.,06/01/2016,,0,1
q_0351,149,PATIENT-DUP,MDG,COMPLETE,04/25/2017,02/15/2018,4,Concerta,36,.,08/01/2010,,0,1
q_0351,149,PATIENT-DUP,MDG,COMPLETE,04/25/2017,02/15/2018,4,GuanFACINE,2,.,02/01/2011,,0,1
q_0351,149,PATIENT-DUP,MDG,COMPLETE,04/25/2017,02/15/2018,4,Previfem,168,.,01/01/2016,,0,1
q_0351,149,PATIENT-DUP,MDG,COMPLETE,04/25/2017,02/15/2018,4,Risperidone,1,.,06/01/2016,,1,1
q_0351,149,PATIENT-DUP,MDG,COMPLETE,04/25/2017,02/15/2018,4,Prilosec,-9998,.,11/01/2016,,0,1
q_0240,319,PATIENT-DEL,MW,COMPLETE,08/18/2017,02/15/2018,4,Fioricet,.,.,05/01/2012,,1,1
q_0307,180,PATIENT-DEL,#,COMPLETE,02/14/2018,02/16/2018,11,OXcarbazepine,300,.,02/01/2017,02/14/2018,0,1
q_0009,239,PATIENT-DEL,LC,COMPLETE,02/15/2018,02/21/2018,11,Artane,10,.,12/15/2017,02/15/2018,.,1
q_0009,239,PATIENT-DEL,LC,COMPLETE,02/15/2018,02/21/2018,11,Demser,250,.,08/15/2017,02/15/2018,.,1
q_0009,239,PATIENT-DEL,LC,COMPLETE,02/15/2018,02/21/2018,11,Abilify,10,.,02/15/2013,02/15/2018,.,1
q_0009,239,PATIENT-DEL,LC,COMPLETE,02/15/2018,02/21/2018,11,Lithium,300,.,02/15/2017,02/15/2018,.,1
q_0009,239,PATIENT-DEL,LC,COMPLETE,02/15/2018,02/21/2018,11,Zantac,150,.,02/15/2016,02/15/2018,.,1
q_0009,239,PATIENT-DEL,LC,COMPLETE,02/15/2018,02/21/2018,11,Allegra,180,.,02/15/2015,02/15/2018,.,1
q_0009,239,PATIENT-DEL,LC,COMPLETE,02/15/2018,02/21/2018,11,Singulair,10,.,02/15/2013,02/15/2018,.,1
q_0009,239,PATIENT-DEL,LC,COMPLETE,02/15/2018,02/21/2018,11,Neurontin,300,.,11/05/2018,02/15/2018,.,1
q_0009,239,PATIENT-DEL,LC,COMPLETE,02/15/2018,02/21/2018,11,Neurontin,1200,.,01/15/2018,02/15/2018,.,1
q_0009,239,PATIENT-DEL,LC,COMPLETE,02/15/2018,02/21/2018,11,Demser,500,.,08/15/2017,02/15/2018,.,1
q_0326,254,PATIENT-DUP,DD,COMPLETE,10/19/2017,02/28/2018,11,Nortriptyline,20,.,08/01/2016,,0,1
q_0326,254,PATIENT-DUP,DD,COMPLETE,10/19/2017,02/28/2018,11,Rizatriptan,10,.,08/01/2016,,1,1
q_0238,286,PATIENT-DEL,MW,COMPLETE,02/21/2018,03/14/2018,11,Lexapro,20,.,10/01/2014,,0,1
q_0238,286,PATIENT-DEL,MW,COMPLETE,02/21/2018,03/14/2018,11,Ativan,5,.,08/15/2014,,1,1
q_0001,319,PATIENT-DEL,MW,COMPLETE,02/23/2018,03/14/2018,11,Levoxyl,100,.,01/01/1998,,0,1
q_0001,319,PATIENT-DEL,MW,COMPLETE,02/23/2018,03/14/2018,11,ALPRAZolam,-9998,.,01/01/2013,,1,1
q_0317,86,PATIENT-DUP,LC,COMPLETE,02/26/2018,03/16/2018,11,Levetiracetam,5,.,,,1,1
q_0317,86,PATIENT-DUP,LC,COMPLETE,02/26/2018,03/16/2018,11,M.V.I Pediatric,.,.,,,1,1
q_0317,86,PATIENT-DUP,LC,COMPLETE,02/26/2018,03/16/2018,11,Singulair,5,.,,,1,1
q_0317,86,PATIENT-DUP,LC,COMPLETE,02/26/2018,03/16/2018,11,Xopenex,0.5,.,,,1,1
q_0317,86,PATIENT-DUP,LC,COMPLETE,02/26/2018,03/16/2018,11,Pulmicort / Budesonide Oral Inhalation,0.5,.,,,1,1
q_0317,86,PATIENT-DUP,LC,COMPLETE,02/26/2018,03/16/2018,11,DuoNeb,.,.,,,1,1
q_0369,147,CONTROL,MW,COMPLETE,04/17/2018,04/20/2018,4,Concerta,36,.,12/27/2016,,1,1
q_0346,162,PATIENT-DUP,MW,COMPLETE,04/09/2018,05/04/2018,4,Sertraline,50,.,03/01/2018,,0,1
q_0337,594,PATIENT-DUP,MW,COMPLETE,04/03/2018,05/04/2018,4,Plavix,75,.,07/30/2016,,0,1
q_0321,412,PATIENT-DUP,LC,COMPLETE,03/19/2018,05/10/2018,11,Amoxicillin,875,-9999,03/12/2018,03/22/2018,1,1
q_0321,412,PATIENT-DUP,LC,COMPLETE,03/19/2018,05/10/2018,11,FLUoxetine,40,-9998,01/05/2018,03/01/2018,1,0
q_0321,412,PATIENT-DUP,LC,COMPLETE,03/19/2018,05/10/2018,11,Propranolol,20,-9998,01/05/2018,,-9999,1
q_0374,492,PATIENT-DEL,AZ,COMPLETE,05/24/2018,05/25/2018,11,Zoloft,100,.,02/19/2016,,1,1
q_0374,492,PATIENT-DEL,AZ,COMPLETE,05/24/2018,05/25/2018,11,Navane,25,.,02/19/2016,,1,1
q_0374,492,PATIENT-DEL,AZ,COMPLETE,05/24/2018,05/25/2018,11,Navane,30,.,02/19/2016,,1,1
q_0374,492,PATIENT-DEL,AZ,COMPLETE,05/24/2018,05/25/2018,11,Cogentin,2,.,02/19/2016,,1,1
q_0374,492,PATIENT-DEL,AZ,COMPLETE,05/24/2018,05/25/2018,11,Lipitor,20,.,02/19/2016,,1,1
q_0336,176,PATIENT-DUP,LC,COMPLETE,04/02/2018,06/01/2018,4,Cefdinir,250,.,03/31/2018,04/09/2018,.,1
q_0336,176,PATIENT-DUP,LC,COMPLETE,04/02/2018,06/01/2018,4,Zofran,.,.,03/15/2012,,1,1
q_0336,176,PATIENT-DUP,LC,COMPLETE,04/02/2018,06/01/2018,4,Nexium,.,.,08/15/2017,,.,1
q_0307,183,PATIENT-DEL,AH,COMPLETE,05/29/2018,10/02/2018,19,Albuterol,.,.,04/01/2004,04/01/2009,1,0
q_0307,183,PATIENT-DEL,AH,COMPLETE,05/29/2018,10/02/2018,19,Singulair,.,.,04/01/2004,04/01/2007,.,0
q_0307,183,PATIENT-DEL,AH,COMPLETE,05/29/2018,10/02/2018,19,Focalin,.,.,06/01/2010,05/01/2011,.,0
q_0345,365,CONTROL,AH,COMPLETE,08/08/2018,10/04/2018,19,Nortriptyline,20,.,01/01/2018,,.,1
q_0381,135,CONTROL,AH,COMPLETE,08/06/2018,10/04/2018,19,Claritin 24 Hour Allergy,.,.,,,1,.
q_0382,523,PATIENT-DUP,GA,COMPLETE,08/27/2018,10/25/2018,7,Antibiotics,.,.,04/01/2018,04/14/2018,0,0
q_0402,539,PATIENT-DUP,LA,COMPLETE,01/10/2019,04/24/2019,26,Cymbalta,60,.,01/01/2009,,0,1
q_0402,539,PATIENT-DUP,LA,COMPLETE,01/10/2019,04/24/2019,26,Lisinopril,20,.,01/01/2014,,0,1
q_0402,539,PATIENT-DUP,LA,COMPLETE,01/10/2019,04/24/2019,26,Ativan,0.5,.,12/27/2018,,1,1
q_0402,539,PATIENT-DUP,LA,COMPLETE,01/10/2019,04/24/2019,26,NIFEdipine,60,.,11/01/2017,,0,1
q_0402,539,PATIENT-DUP,LA,COMPLETE,01/10/2019,04/24/2019,26,TiZANidine,8,.,01/01/2015,,0,1
q_0402,539,PATIENT-DUP,LA,COMPLETE,01/10/2019,04/24/2019,26,Neurontin,2400,.,01/01/2016,,0,1
q_0402,539,PATIENT-DUP,LA,COMPLETE,01/10/2019,04/24/2019,26,Metoprolol Succinate,200,.,01/01/2015,,0,1
q_0402,539,PATIENT-DUP,LA,COMPLETE,01/10/2019,04/24/2019,26,Plaquenil,200,.,01/01/2009,,0,1
q_0402,539,PATIENT-DUP,LA,COMPLETE,01/10/2019,04/24/2019,26,Imuran,50,.,01/01/2015,,0,1
q_0402,539,PATIENT-DUP,LA,COMPLETE,01/10/2019,04/24/2019,26,OxyCODONE,10,.,01/01/2018,,1,1
q_0402,539,PATIENT-DUP,LA,COMPLETE,01/10/2019,04/24/2019,26,Zoloft,150,.,01/01/2000,01/01/2011,0,0
q_0401,89,PATIENT-DUP,LA,COMPLETE,01/10/2019,04/24/2019,26,Methylphenidate Hydrochloride,2.5,.,01/04/2019,,0,1
q_0401,89,PATIENT-DUP,LA,COMPLETE,01/10/2019,04/24/2019,26,Lansoprazole,30,.,08/27/2018,,0,1
q_0401,89,PATIENT-DUP,LA,COMPLETE,01/10/2019,04/24/2019,26,Levocetirizine,2.5,.,12/15/2018,,0,1
q_0401,89,PATIENT-DUP,LA,COMPLETE,01/10/2019,04/24/2019,26,Montelukast Sodium,5,.,12/23/2018,,0,1
q_0401,89,PATIENT-DUP,LA,COMPLETE,01/10/2019,04/24/2019,26,Baclofen,10,.,01/01/2017,,0,1
q_0401,89,PATIENT-DUP,LA,COMPLETE,01/10/2019,04/24/2019,26,Topiramate,45,.,12/22/2018,,0,1
q_0401,89,PATIENT-DUP,LA,COMPLETE,01/10/2019,04/24/2019,26,Azithromycin,200,.,01/08/2019,,0,1
q_0401,89,PATIENT-DUP,LA,COMPLETE,01/10/2019,04/24/2019,26,Symbicort,160,.,01/01/2015,,0,1
q_0401,89,PATIENT-DUP,LA,COMPLETE,01/10/2019,04/24/2019,26,HydrOXYzine,5,.,01/01/2015,,0,1
q_0138,165,PATIENT-DEL,LA,COMPLETE,03/27/2019,04/29/2019,26,Cetirizine,.,.,09/01/2016,,0,1
q_0250,223,PATIENT-DEL,SH,COMPLETE,10/22/2018,04/29/2019,26,Risperdal,.,.,04/01/2018,,0,1
q_0250,223,PATIENT-DEL,SH,COMPLETE,10/22/2018,04/29/2019,26,GuanFACINE,1,.,09/01/2014,,0,1
q_0263,167,PATIENT-DEL,SH,COMPLETE,02/25/2019,05/13/2019,26,Abilify,30,.,07/01/2014,,0,1
q_0263,167,PATIENT-DEL,SH,COMPLETE,02/25/2019,05/13/2019,26,Prozac,10,.,07/01/2016,02/01/2018,0,0
q_0263,167,PATIENT-DEL,SH,COMPLETE,02/25/2019,05/13/2019,26,Gabapentin,2400,.,09/01/2016,,0,1
q_0397,122,PATIENT-DEL,LA,COMPLETE,11/04/2018,05/20/2019,26,Desmopressin,25,.,09/01/2016,,1,1
q_0310,329,PATIENT-DEL,LA,COMPLETE,04/29/2019,10/08/2019,26,Propranolol,10,.,08/01/2018,,1,1
q_0310,329,PATIENT-DEL,LA,COMPLETE,04/29/2019,10/08/2019,26,Zoloft,200,.,08/01/2018,03/01/2019,0,0
q_0310,329,PATIENT-DEL,LA,COMPLETE,04/29/2019,10/08/2019,26,Abilify,10,.,02/01/2019,03/01/2019,0,0
q_0313,145,PATIENT-DUP,LA,COMPLETE,05/06/2019,10/08/2019,26,Valacyclovir,100,.,03/01/2019,,0,1
q_0351,174,PATIENT-DUP,LA,COMPLETE,05/08/2019,10/08/2019,26,Abilify,.,.,12/01/2018,,0,1
q_0355,101,PATIENT-DEL,LA,COMPLETE,06/05/2019,10/08/2019,26,Warfarin Sodium,3.5,.,12/01/2018,,0,1
q_0407,187,PATIENT-DEL,LA,COMPLETE,06/13/2019,10/14/2019,26,Levetiracetam,1000,.,09/01/2018,,0,1
q_0141,260,PATIENT-DEL,NY,COMPLETE,08/05/2019,10/21/2019,26,Citalopram,30,.,01/01/2015,,0,1
q_0141,260,PATIENT-DEL,NY,COMPLETE,08/05/2019,10/21/2019,26,Junel,.,.,08/01/2018,,0,1
q_0250,234,PATIENT-DEL,MCI,COMPLETE,09/16/2019,10/21/2019,26,Escitalopram,10,.,07/01/2019,,0,1
q_0260,252,PATIENT-DEL,LA,COMPLETE,06/24/2019,10/21/2019,26,Paxil,20,.,02/01/2019,,0,1
q_0260,252,PATIENT-DEL,LA,COMPLETE,06/24/2019,10/21/2019,26,ClonazePAM,0.5,.,02/01/2019,,0,1
q_0408,123,PATIENT-DUP,LA,COMPLETE,05/16/2019,10/21/2019,26,MiraLax,15,.,04/01/2017,,0,1
q_0408,123,PATIENT-DUP,LA,COMPLETE,05/16/2019,10/21/2019,26,Norditropin,0.9,.,11/01/2018,,0,1
q_0345,378,CONTROL,RC,COMPLETE,09/11/2019,10/21/2019,26,Mobic,.,.,09/10/2019,,0,1
q_0345,378,CONTROL,RC,COMPLETE,09/11/2019,10/21/2019,26,Aygestin,.,.,08/01/2019,,0,1
q_0371,134,PATIENT-DEL,MCI,COMPLETE,07/31/2019,10/21/2019,26,Genotropin,1.1,.,02/01/2014,,0,1
q_0371,134,PATIENT-DEL,MCI,COMPLETE,07/31/2019,10/21/2019,26,Atropine Sulfate,1,.,06/01/2016,,0,1
q_0411,120,PATIENT-DUP,LA,COMPLETE,05/20/2019,10/22/2019,26,Methylphenidate,5,.,07/01/2018,,0,1
q_0411,120,PATIENT-DUP,LA,COMPLETE,05/20/2019,10/22/2019,26,Methylphenidate,36,.,07/01/2018,,0,1
q_0411,120,PATIENT-DUP,LA,COMPLETE,05/20/2019,10/22/2019,26,Risperidone,0.5,.,07/01/2018,,0,1
q_0411,120,PATIENT-DUP,LA,COMPLETE,05/20/2019,10/22/2019,26,Focalin,.,.,07/01/2015,07/01/2018,0,0
q_0411,120,PATIENT-DUP,LA,COMPLETE,05/20/2019,10/22/2019,26,Sertraline,25,.,07/01/2015,,0,1
q_0411,120,PATIENT-DUP,LA,COMPLETE,05/20/2019,10/22/2019,26,Clonidine Hydrochloride,0.3,.,07/01/2015,,0,1
q_0411,120,PATIENT-DUP,LA,COMPLETE,05/20/2019,10/22/2019,26,TraZODone,.,.,04/01/2018,,1,1
q_0419,280,PATIENT-DEL,MCI,COMPLETE,08/12/2019,10/22/2019,26,Seroquel,400,.,04/01/2015,,0,1
q_0419,280,PATIENT-DEL,MCI,COMPLETE,08/12/2019,10/22/2019,26,Prozac,80,.,04/01/2015,,0,1
q_0419,280,PATIENT-DEL,MCI,COMPLETE,08/12/2019,10/22/2019,26,MetFORMIN,1000,.,09/01/2016,,0,1
q_0419,280,PATIENT-DEL,MCI,COMPLETE,08/12/2019,10/22/2019,26,Depakote,.,.,04/01/2018,04/01/2019,0,0
q_0419,280,PATIENT-DEL,MCI,COMPLETE,08/12/2019,10/22/2019,26,Trileptal,.,.,03/01/2015,03/07/2015,0,0
q_0419,280,PATIENT-DEL,MCI,COMPLETE,08/12/2019,10/22/2019,26,Adderall,.,.,10/01/2003,10/01/2004,0,0
q_0419,280,PATIENT-DEL,MCI,COMPLETE,08/12/2019,10/22/2019,26,Focalin,.,.,10/01/2004,10/01/2006,0,0
q_0418,477,OTHER,MCI,COMPLETE,08/01/2019,10/22/2019,26,Losartan,25,.,06/01/2018,08/01/2019,0,1
q_0418,477,OTHER,MCI,COMPLETE,08/01/2019,10/22/2019,26,Atorvastatin,20,.,06/01/2018,08/01/2019,0,1
q_0240,352,PATIENT-DEL,NY,COMPLETE,05/28/2020,06/16/2020,34,Iron / Ferrous Sulfate,.,.,11/15/2015,,.,.
q_0141,269,PATIENT-DEL,NY,COMPLETE,05/15/2020,06/16/2020,34,Pravastatin,10,.,11/01/2019,,.,.
q_0141,269,PATIENT-DEL,NY,COMPLETE,05/15/2020,06/16/2020,34,ClomiPRAMINE,25,.,01/01/2013,,.,.
q_0425,446,PATIENT-DEL,MCI,COMPLETE,05/13/2020,07/20/2020,34,Xanax,2,-9998,04/01/2020,01/01/1900,0,1
q_0425,446,PATIENT-DEL,MCI,COMPLETE,05/13/2020,07/20/2020,34,Levothyroxine,0.075,-9998,04/01/2016,01/01/1900,0,1
q_0425,446,PATIENT-DEL,MCI,COMPLETE,05/13/2020,07/20/2020,34,Liothyronine,0.01,-9998,01/01/2009,01/01/1900,0,1
q_0425,446,PATIENT-DEL,MCI,COMPLETE,05/13/2020,07/20/2020,34,Propranolol,10,-9998,03/15/2020,01/01/1900,1,1
q_0419,289,PATIENT-DEL,AC,COMPLETE,05/28/2020,07/20/2020,34,CloNIDine,0.1,-9999,01/02/1900,01/01/1900,-9998,1
q_0019,281,PATIENT-DEL,MI,COMPLETE,03/02/2020,10/17/2020,34,GuanFACINE,.,-9998,01/01/2017,10/01/2019,0,0
q_0019,281,PATIENT-DEL,MI,COMPLETE,03/02/2020,10/17/2020,34,TraZODone,.,-9998,01/01/2016,03/02/2020,1,1
q_0019,281,PATIENT-DEL,MI,COMPLETE,03/02/2020,10/17/2020,34,Effexor,.,-9998,12/01/2013,02/01/2014,0,0
q_0105,254,PATIENT-DEL,MI,COMPLETE,03/11/2020,10/17/2020,34,Topiramate,100,.,01/20/2020,03/11/2020,0,1
q_0105,254,PATIENT-DEL,MI,COMPLETE,03/11/2020,10/17/2020,34,Topiramate,75,.,11/01/2019,01/20/2020,0,1
q_0105,254,PATIENT-DEL,MI,COMPLETE,03/11/2020,10/17/2020,34,Zomig,5,.,01/01/2007,11/01/2019,1,0
q_0105,254,PATIENT-DEL,MI,COMPLETE,03/11/2020,10/17/2020,34,Nortriptyline,50,.,10/01/2018,11/01/2019,0,0
q_0019,281,PATIENT-DEL,MI,COMPLETE,03/02/2020,10/17/2020,34,Abilify,15,.,01/01/2010,01/01/2013,0,0
q_0019,281,PATIENT-DEL,MI,COMPLETE,03/02/2020,10/17/2020,34,Zoloft,75,.,01/01/2009,01/01/2012,0,0
q_0422,98,PATIENT-DEL,MI,COMPLETE,11/20/2019,11/27/2020,34,MiraLax,.,-9998,02/01/2011,,1,1
q_0422,98,PATIENT-DEL,MI,COMPLETE,11/20/2019,11/27/2020,34,Albuterol,.,-9999,10/01/2011,,1,1
q_0425,440,PATIENT-DEL,MI,COMPLETE,11/05/2019,11/27/2020,34,Wellbutrin,300,-9998,10/22/2019,,0,1
q_0425,440,PATIENT-DEL,MI,COMPLETE,11/05/2019,11/27/2020,34,CloNIDine,0.5,1,09/01/2008,,1,1
q_0425,440,PATIENT-DEL,MI,COMPLETE,11/05/2019,11/27/2020,34,Paxil,10,-9998,12/01/1996,09/01/1998,0,0
q_0425,440,PATIENT-DEL,MI,COMPLETE,11/05/2019,11/27/2020,34,Tegretol,.,-9998,09/01/1998,02/03/1999,0,0
q_0425,440,PATIENT-DEL,MI,COMPLETE,11/05/2019,11/27/2020,34,Risperdal,.,-9998,02/03/1999,02/03/2000,0,0
q_0425,440,PATIENT-DEL,MI,COMPLETE,11/05/2019,11/27/2020,34,Lunesta,1,-9998,08/01/2004,08/01/2006,0,0
q_0425,440,PATIENT-DEL,MI,COMPLETE,11/05/2019,11/27/2020,34,Ambien,.,-9998,01/01/2006,01/01/2018,0,0
q_0425,440,PATIENT-DEL,MI,COMPLETE,11/05/2019,11/27/2020,34,Zyprexa,5,-9998,01/01/2011,01/01/2017,0,0
q_0425,440,PATIENT-DEL,MI,COMPLETE,11/05/2019,11/27/2020,34,Ritalin,5,-9998,01/01/2017,11/01/2018,0,0
q_0425,440,PATIENT-DEL,MI,COMPLETE,11/05/2019,11/27/2020,34,Celexa,.,-9998,01/01/2010,,0,0
q_0425,441,PATIENT-DEL,MI,COMPLETE,12/03/2019,11/27/2020,34,Mirena,.,-9998,12/01/2016,,0,1
q_0443,106,PATIENT-DUP,NW,COMPLETE,06/17/2021,10/27/2021,45,Ritalin,5,.,05/01/2021,,0,1
q_0446,136,PATIENT-DEL,NW,COMPLETE,06/09/2021,10/27/2021,45,Enalapril,.,.,02/18/2010,02/09/2012,0,0
q_0446,136,PATIENT-DEL,NW,COMPLETE,06/09/2021,10/27/2021,45,Lasix,.,.,02/18/2010,12/09/2011,0,0
q_0446,136,PATIENT-DEL,NW,COMPLETE,06/09/2021,10/27/2021,45,Sildenafil,.,.,07/15/2010,07/15/2013,0,0
q_0454,121,PATIENT-DEL,NW,COMPLETE,08/12/2021,10/27/2021,45,Topamax,25,.,,,0,1
q_0459,239,PATIENT-DEL,NW,COMPLETE,08/13/2021,10/27/2021,45,Methylphenidate,10,.,11/13/2020,,0,1
q_0459,239,PATIENT-DEL,NW,COMPLETE,08/13/2021,10/27/2021,45,Baclofen,10,.,11/13/2019,,0,1
q_0459,239,PATIENT-DEL,NW,COMPLETE,08/13/2021,10/27/2021,45,Zofran,4,.,01/13/2018,,1,1
q_0459,239,PATIENT-DEL,NW,COMPLETE,08/13/2021,10/27/2021,45,Gabapentin,400,.,06/13/2018,02/13/2021,0,0
q_0459,239,PATIENT-DEL,NW,COMPLETE,08/13/2021,10/27/2021,45,Zoloft,20,.,02/01/2021,02/08/2021,0,0
q_0459,239,PATIENT-DEL,NW,COMPLETE,08/13/2021,10/27/2021,45,Cymbalta,30,.,01/01/2021,01/07/2021,0,0
q_0459,239,PATIENT-DEL,NW,COMPLETE,08/13/2021,10/27/2021,45,Amitriptyline,.,.,08/13/2014,07/13/2021,0,0
q_0459,239,PATIENT-DEL,NW,COMPLETE,08/13/2021,10/27/2021,45,Nora-BE,0.35,.,12/13/2018,,0,1
q_0459,239,PATIENT-DEL,NW,COMPLETE,08/13/2021,10/27/2021,45,Pepcid AC,20,.,08/13/2019,,0,1
q_0459,239,PATIENT-DEL,NW,COMPLETE,08/13/2021,10/27/2021,45,Naltrexone,5,.,06/13/2019,,0,1
q_0461,204,PATIENT-DEL,NW,COMPLETE,09/03/2021,10/27/2021,45,Levothyroxine,125,.,09/03/2010,,0,1
q_0461,204,PATIENT-DEL,NW,COMPLETE,09/03/2021,10/27/2021,45,Zoloft,150,.,07/03/2021,,0,1
q_0461,204,PATIENT-DEL,NW,COMPLETE,09/03/2021,10/27/2021,45,Prozac,40,.,11/03/2020,07/03/2021,0,0
q_0461,204,PATIENT-DEL,NW,COMPLETE,09/03/2021,10/27/2021,45,Adderall,.,.,09/03/2010,,0,0
q_0461,204,PATIENT-DEL,NW,COMPLETE,09/03/2021,10/27/2021,45,Ritalin,.,.,09/03/2010,,0,0
q_0461,204,PATIENT-DEL,NW,COMPLETE,09/03/2021,10/27/2021,45,Xyzal,5,.,05/03/2021,,0,1
q_0371,147,PATIENT-DEL,NW,COMPLETE,08/04/2020,10/28/2021,45,Human Growth Hormone,1.1,.,01/01/2014,06/01/2020,0,0
q_0361,146,PATIENT-DEL,MI,COMPLETE,10/21/2019,01/25/2023,3,Hydrocodone and Ibuprofen,5,-9999,10/04/2019,10/21/2019,1,0
q_0374,504,PATIENT-DEL,CA,COMPLETE,05/16/2019,01/27/2023,53,Benztropine,2,-9999,,,0,1
q_0374,504,PATIENT-DEL,CA,COMPLETE,05/16/2019,01/27/2023,53,Sertraline,200,-9999,,,0,1
q_0141,300,PATIENT-DEL,DL,COMPLETE,12/09/2022,01/27/2023,3,Effexor,150,.,11/08/2022,,0,1
q_0433,613,PATIENT-DEL,AC,COMPLETE,02/26/2020,02/09/2023,53,Prozac,10,-9999,,,0,1
q_0433,613,PATIENT-DEL,AC,COMPLETE,02/26/2020,02/09/2023,53,Zoloft,100,-9999,,,0,0
q_0030,239,PATIENT-DEL,MW,COMPLETE,06/21/2018,02/10/2023,53,Minocycline,.,.,11/01/2017,,0,1
q_0030,239,PATIENT-DEL,MW,COMPLETE,06/21/2018,02/10/2023,53,Vyvanse,.,.,09/01/2013,06/01/2015,0,0
q_0030,239,PATIENT-DEL,MW,COMPLETE,06/21/2018,02/10/2023,53,Zoloft,.,.,09/01/2013,06/01/2015,0,0
q_0030,239,PATIENT-DEL,MW,COMPLETE,06/21/2018,02/10/2023,53,Lisinopril,.,.,11/01/2017,,0,1
q_0030,239,PATIENT-DEL,MW,COMPLETE,06/21/2018,02/10/2023,53,Antivert,.,.,03/01/2018,,1,1
q_0030,239,PATIENT-DEL,MW,COMPLETE,06/21/2018,02/10/2023,53,QVAR,.,.,09/01/2005,,1,1
q_0005,239,PATIENT-DEL,LC,COMPLETE,11/07/2017,02/10/2023,53,Strattera,25,.,08/15/2017,08/30/2017,1,0
q_0005,239,PATIENT-DEL,LC,COMPLETE,11/07/2017,02/10/2023,53,Strattera,50,.,08/30/2017,09/15/2017,1,0
q_0005,239,PATIENT-DEL,LC,COMPLETE,11/07/2017,02/10/2023,53,Strattera,25,.,09/15/2017,,1,1
q_0138,151,PATIENT-DEL,LC,COMPLETE,01/08/2018,02/10/2023,53,Claritin 24 Hour Allergy,10,.,,,1,1
q_0138,165,PATIENT-DEL,LA,COMPLETE,03/27/2019,02/10/2023,53,Allergy Relief,.,.,09/01/2016,,0,1
q_0141,246,PATIENT-DEL,LC,COMPLETE,06/12/2018,02/13/2023,53,Citalopram,45,.,06/01/2013,,0,1
q_0141,246,PATIENT-DEL,LC,COMPLETE,06/12/2018,02/13/2023,53,Spironolactone,50,.,03/01/2018,,0,1
q_0192,138,PATIENT-DEL,MW,COMPLETE,11/20/2017,02/16/2023,53,Singulair,5,.,09/01/2017,,0,1
q_0192,162,PATIENT-DEL,AC,COMPLETE,11/25/2019,02/16/2023,53,Levothyroxine,37.5,.,01/01/2014,,1,1
q_0192,150,PATIENT-DEL,SU,COMPLETE,11/19/2018,02/16/2023,53,Singulair,5,.,,05/01/2018,0,0
q_0214,493,"FAMILY MEMBER, CONTROL",MFH,COMPLETE,05/01/2017,02/16/2023,53,MetFORMIN,1000,.,07/01/2016,,0,1
q_0214,493,"FAMILY MEMBER, CONTROL",MFH,COMPLETE,05/01/2017,02/16/2023,53,Prozac,.,.,01/01/2006,04/01/2006,0,0
q_0214,493,"FAMILY MEMBER, CONTROL",MFH,COMPLETE,05/01/2017,02/16/2023,53,Wellbutrin,.,.,04/01/2006,04/01/2007,0,0
q_0217,273,PATIENT-DEL,MW,COMPLETE,03/01/2018,02/16/2023,53,Minocycline,50,.,01/15/2018,,0,1
q_0217,273,PATIENT-DEL,MW,COMPLETE,03/01/2018,02/16/2023,53,Spironolactone,100,.,01/15/2018,,0,1
q_0217,296,PATIENT-DEL,RC,COMPLETE,02/19/2020,02/16/2023,53,Singulair,10,.,08/01/2008,,1,1
q_0217,296,PATIENT-DEL,RC,COMPLETE,02/19/2020,02/16/2023,53,Flonase,.,.,08/01/2018,,1,1
q_0235,543,"FAMILY MEMBER, CONTROL",MFH,COMPLETE,05/25/2017,02/16/2023,53,Lamictal,100,.,09/01/2014,,0,1
q_0235,543,"FAMILY MEMBER, CONTROL",MFH,COMPLETE,05/25/2017,02/16/2023,53,Hyoscine Butylbromide,10,.,01/01/2002,,1,1
q_0260,240,PATIENT-DEL,LC,COMPLETE,06/25/2018,02/17/2023,53,Minocycline,10,.,04/15/2018,04/18/2018,0,0
q_0263,155,PATIENT-DEL,MW,COMPLETE,02/27/2018,02/17/2023,53,Abilify,30,.,07/01/2014,,0,1
q_0263,155,PATIENT-DEL,MW,COMPLETE,02/27/2018,02/17/2023,53,Gabapentin,600,.,06/01/2016,,0,1
q_0263,155,PATIENT-DEL,MW,COMPLETE,02/27/2018,02/17/2023,53,Estring,.,.,03/01/2017,,0,1
q_0263,167,PATIENT-DEL,SU,COMPLETE,02/25/2019,02/17/2023,53,LORazepam,0.5,.,01/01/2019,,0,1
q_0263,167,PATIENT-DEL,SU,COMPLETE,02/25/2019,02/17/2023,53,Propranolol,60,.,01/01/2019,,0,1
q_0271,214,PATIENT-DUP,MFH,COMPLETE,10/17/2016,02/17/2023,53,FLUoxetine,20,.,01/01/2015,,0,1
q_0271,214,PATIENT-DUP,MFH,COMPLETE,10/17/2016,02/17/2023,53,Vyvanse,.,.,09/01/2016,,0,1
q_0271,214,PATIENT-DUP,MFH,COMPLETE,10/17/2016,02/17/2023,53,Focalin,20,.,12/01/2012,06/01/2014,0,0
q_0277,188,PATIENT-DUP,EB,COMPLETE,12/04/2019,02/21/2023,53,Rizatriptan,5,.,12/01/2018,,1,1
q_0277,188,PATIENT-DUP,EB,COMPLETE,12/04/2019,02/21/2023,53,MiraLax,17,.,01/01/2018,,1,1
q_0277,188,PATIENT-DUP,EB,COMPLETE,12/04/2019,02/21/2023,53,Dulcolax,.,.,12/01/2018,,1,1
q_0277,188,PATIENT-DUP,EB,COMPLETE,12/04/2019,02/21/2023,53,Mupirocin,.,.,01/01/2009,,1,1
q_0277,188,PATIENT-DUP,EB,COMPLETE,12/04/2019,02/21/2023,53,Cetirizine,10,.,01/01/2008,,0,1
q_0277,188,PATIENT-DUP,EB,COMPLETE,12/04/2019,02/21/2023,53,Adderall,20,.,08/01/2019,,0,1
q_0278,139,PATIENT-DUP,EB,COMPLETE,12/12/2016,02/21/2023,53,Montelukast,5,.,,,0,1
q_0278,139,PATIENT-DUP,EB,COMPLETE,12/12/2016,02/21/2023,53,Omeprazole,20,.,,,0,1
q_0278,139,PATIENT-DUP,EB,COMPLETE,12/12/2016,02/21/2023,53,Hyoscyamine,0.125,.,,,0,1
q_0278,139,PATIENT-DUP,EB,COMPLETE,12/12/2016,02/21/2023,53,Imitrex,5,.,,,1,1
q_0279,122,PATIENT-DUP,EB,COMPLETE,12/14/2016,02/21/2023,53,Imipramine,50,.,01/01/2010,,0,1
q_0279,122,PATIENT-DUP,EB,COMPLETE,12/14/2016,02/21/2023,53,Cetirizine,10,.,01/01/2010,,0,1
q_0279,122,PATIENT-DUP,EB,COMPLETE,12/14/2016,02/21/2023,53,Levocarnitine,990,.,01/01/2010,,1,1
q_0279,122,PATIENT-DUP,EB,COMPLETE,12/14/2016,02/21/2023,53,Stimate,1.5,.,01/01/2012,,1,1
q_0279,122,PATIENT-DUP,EB,COMPLETE,12/14/2016,02/21/2023,53,Hematin,1000,.,01/01/2012,,0,1
q_0279,122,PATIENT-DUP,EB,COMPLETE,12/14/2016,02/21/2023,53,Zonisamide,250,.,06/14/2007,,0,1
q_0279,122,PATIENT-DUP,EB,COMPLETE,12/14/2016,02/21/2023,53,Desmopressin,0.6,.,01/01/2010,,0,1
q_0279,158,PATIENT-DUP,EB,COMPLETE,12/04/2019,02/21/2023,53,Zonisamide,400,.,01/01/2008,,.,1
q_0291,119,PATIENT-DEL,SH,COMPLETE,11/04/2016,02/22/2023,53,Calcium and Vitamin D,25,.,01/01/2011,,1,1
q_0291,143,PATIENT-DEL,LD,COMPLETE,11/30/2018,02/22/2023,53,Vitamin D3,250,.,10/01/2018,,0,1
q_0307,183,PATIENT-DEL,MW,COMPLETE,05/29/2018,02/22/2023,53,Trileptal,900,.,02/01/2017,,0,1
q_0313,116,PATIENT-DUP,MFH,COMPLETE,12/12/2016,02/24/2023,53,Acyclovir,.,.,07/01/2014,12/12/2016,0,1
q_0317,100,PATIENT-DUP,EB,COMPLETE,04/25/2019,02/24/2023,53,Atrovent,.,.,,,0,.
q_0319,151,PATIENT-DUP,PV,COMPLETE,03/19/2018,02/24/2023,53,Zoloft,50,.,01/01/2018,,.,.
q_0326,254,PATIENT-DUP,DD,COMPLETE,10/19/2017,02/27/2023,53,Gabapentin,.,.,08/01/2016,,0,1
q_0327,531,PATIENT-DUP,EB,COMPLETE,10/19/2017,03/02/2023,53,Prozac,.,.,06/01/1997,06/01/1998,.,0
q_0327,545,PATIENT-DUP,LA,COMPLETE,12/05/2018,03/02/2023,53,Atarax,150,.,09/01/2017,,0,1
q_0327,545,PATIENT-DUP,LA,COMPLETE,12/05/2018,03/02/2023,53,Zyrtec,10,.,09/01/2018,,0,1
q_0342,292,PATIENT-DEL,EB,COMPLETE,03/14/2017,03/03/2023,53,Flonase,.,.,,,1,1
q_0342,292,PATIENT-DEL,EB,COMPLETE,03/14/2017,03/03/2023,53,Claritin 24 Hour Allergy,.,.,,,1,1
q_0342,304,PATIENT-DEL,EB,COMPLETE,03/13/2018,03/03/2023,53,Seroquel,25,.,03/01/2008,,0,1
q_0340,118,PATIENT-DEL,EB,COMPLETE,03/06/2017,03/03/2023,53,QVAR,.,.,,,0,1
q_0340,118,PATIENT-DEL,EB,COMPLETE,03/06/2017,03/03/2023,53,Xopenex,.,.,,,0,1
q_0340,118,PATIENT-DEL,EB,COMPLETE,03/06/2017,03/03/2023,53,Gabapentin,100,.,02/10/2017,,.,.
q_0334,252,PATIENT-DEL,SH,COMPLETE,12/01/2016,03/06/2023,53,Abilify,300,.,12/01/2015,,0,1
q_0334,252,PATIENT-DEL,SH,COMPLETE,12/01/2016,03/06/2023,53,Flonase,.,.,01/01/2013,,0,1
q_0334,252,PATIENT-DEL,SH,COMPLETE,12/01/2016,03/06/2023,53,Zyrtec,.,.,01/01/2013,,0,1
q_0361,146,PATIENT-DEL,MI,COMPLETE,10/21/2019,03/06/2023,53,Albuterol,.,.,01/01/2008,01/01/2012,1,0
q_0361,146,PATIENT-DEL,MI,COMPLETE,10/21/2019,03/06/2023,53,Calcium and Vitamin D,1000,.,,,0,1
q_0395,123,PATIENT-DEL,LA,COMPLETE,11/07/2018,03/06/2023,53,MiraLax,20,.,08/01/2017,,.,1
q_0395,123,PATIENT-DEL,LA,COMPLETE,11/07/2018,03/06/2023,53,Clenia,.,.,10/20/2018,,.,1
q_0395,123,PATIENT-DEL,LA,COMPLETE,11/07/2018,03/06/2023,53,Tylenol,.,.,09/01/2015,,1,1
q_0404,89,PATIENT-DEL,EB,COMPLETE,03/11/2019,03/06/2023,53,Cephalexin,.,.,05/15/2018,,0,1
q_0533,177,PATIENT-DEL,DL,COMPLETE,10/11/2022,03/08/2023,53,Zyrtec,10,.,01/01/2010,,0,1
q_0482,337,PATIENT-DEL,DL,COMPLETE,11/08/2022,03/08/2023,53,Escitalopram,15,.,01/01/2014,,0,1
q_0482,337,PATIENT-DEL,DL,COMPLETE,11/08/2022,03/08/2023,53,Divalproex Sodium,500,.,01/01/2014,,0,1
q_0482,337,PATIENT-DEL,DL,COMPLETE,11/08/2022,03/08/2023,53,TraZODone,100,.,01/01/2014,,0,1
q_0482,337,PATIENT-DEL,DL,COMPLETE,11/08/2022,03/08/2023,53,OLANZapine,10,.,01/01/2014,,0,1
q_0482,337,PATIENT-DEL,DL,COMPLETE,11/08/2022,03/08/2023,53,Quetiapine Fumarate,100,.,01/01/2014,,0,1
q_0482,337,PATIENT-DEL,DL,COMPLETE,11/08/2022,03/08/2023,53,LORazepam,2,.,01/01/2014,,1,1
q_0519,241,CONTROL,LK,COMPLETE,05/26/2022,03/29/2023,3,Wellbutrin,300,.,03/01/2022,,0,1
