SUBJECTID,AGEMONTH,SUBJECT_IDENTITY,CONVERTEDVISITNUM,INITIALS,FORMSTATUS,TESTDATE,ENTDATE,ENTEREDBY,HIPAA
q_0001,209,PATIENT-DEL,1,KH,COMPLETE,12/01/2008,09/23/2010,99,1
q_0001,231,PATIENT-DEL,1.12,KH,COMPLETE,10/14/2010,01/07/2011,99,1
q_0001,254,PATIENT-DEL,1.24,KH,COMPLETE,09/24/2012,10/01/2012,137,1
q_0002,690,FAMILY MEMBER,1,CH,COMPLETE,12/02/2008,01/11/2011,95,1
q_0002,712,FAMILY MEMBER,1.12,CH,COMPLETE,10/15/2010,01/11/2011,95,1
q_0002,735,FAMILY MEMBER,1.24,CH,DATA UNAVAILABLE,09/24/2012,10/29/2013,150,.
q_0003,172,PATIENT-DEL,1,JC,COMPLETE,12/22/2008,10/01/2010,100,1
q_0004,.,FAMILY MEMBER,1,MC,COMPLETE,12/22/2008,01/19/2011,149,1
q_0005,134,PATIENT-DEL,1,IS,COMPLETE,02/09/2009,10/05/2010,100,1
q_0005,160,PATIENT-DEL,1.12,IS,COMPLETE,04/18/2011,04/20/2011,95,1
q_0005,176,PATIENT-DEL,1.24,IS,COMPLETE,08/27/2012,08/28/2012,137,1
q_0006,456,FAMILY MEMBER,1,LS,COMPLETE,02/09/2009,01/19/2011,149,1
q_0006,482,FAMILY MEMBER,1.12,LS,COMPLETE,04/18/2011,04/20/2011,95,1
q_0006,498,FAMILY MEMBER,1.24,LS,COMPLETE,08/27/2012,10/29/2013,150,1
q_0007,229,PATIENT-DEL,1,AS,COMPLETE,03/16/2009,10/05/2010,100,1
q_0007,254,PATIENT-DEL,1.12,AS,COMPLETE,04/04/2011,04/20/2011,95,1
q_0009,130,PATIENT-DEL,1,VS,COMPLETE,01/26/2009,10/07/2010,103,1
q_0009,149,PATIENT-DEL,1.12,VS,COMPLETE,08/10/2010,01/07/2011,99,1
q_0009,162,PATIENT-DEL,1.24,VS,COMPLETE,09/29/2011,09/30/2011,121,1
q_0010,448,FAMILY MEMBER,1,CS,DATA UNAVAILABLE,12/22/2008,01/19/2011,95,.
q_0010,468,FAMILY MEMBER,1.12,CS,COMPLETE,08/10/2010,01/19/2011,95,1
q_0010,481,FAMILY MEMBER,1.24,CS,COMPLETE,09/29/2011,07/30/2012,117,1
q_0011,80,PATIENT-DEL,1,JB,COMPLETE,02/24/2009,10/07/2010,103,1
q_0012,.,FAMILY MEMBER,1,CB,DATA UNAVAILABLE,02/24/2009,01/19/2011,95,.
q_0013,78,PATIENT-DEL,1,AM,COMPLETE,04/01/2009,01/27/2011,95,0
q_0014,162,PATIENT-DEL,1,DH,COMPLETE,04/01/2009,09/30/2010,100,1
q_0015,179,PATIENT-DEL,1,AK,COMPLETE,04/13/2009,10/06/2010,100,1
q_0016,204,PATIENT-DEL,1,JM,COMPLETE,04/16/2009,10/06/2010,100,1
q_0016,227,PATIENT-DEL,1.12,JM,COMPLETE,03/28/2011,03/28/2011,95,1
q_0016,246,PATIENT-DEL,1.24,JM,COMPLETE,10/08/2012,10/08/2012,107,1
q_0017,79,PATIENT-DEL,1,BW,COMPLETE,06/15/2009,10/06/2010,100,1
q_0017,136,PATIENT-DEL,1.12,BH,COMPLETE,03/19/2014,04/01/2014,150,1
q_0017,150,PATIENT-DEL,1.24,BW,COMPLETE,05/01/2015,10/05/2015,158,1
q_0018,84,PATIENT-DEL,1,VF,COMPLETE,06/22/2009,10/07/2010,150,1
q_0019,154,PATIENT-DEL,1,JM,COMPLETE,08/11/2009,10/07/2010,100,1
q_0019,175,PATIENT-DEL,1.12,JM,COMPLETE,05/04/2011,05/11/2011,95,1
q_0019,185,PATIENT-DEL,1.24,JM,COMPLETE,03/26/2012,04/03/2012,121,1
q_0020,116,CONTROL,1,NM,COMPLETE,08/11/2009,10/07/2010,100,1
q_0020,137,CONTROL,1.12,NM,COMPLETE,05/04/2011,05/11/2011,95,1
q_0020,147,CONTROL,1.24,NM,COMPLETE,03/26/2012,04/03/2012,121,1
q_0021,123,PATIENT-DEL,1,BE,COMPLETE,08/17/2009,10/07/2010,100,1
q_0021,140,PATIENT-DEL,1.12,BE,COMPLETE,01/13/2011,02/01/2011,95,1
q_0021,162,PATIENT-DEL,1.24,BE,COMPLETE,11/05/2012,11/07/2012,137,1
q_0022,129,PATIENT-DEL,1,JC,COMPLETE,08/21/2009,10/28/2010,100,1
q_0023,160,CONTROL,1,LB,COMPLETE,08/21/2009,09/30/2010,95,1
q_0024,186,PATIENT-DEL,1,CS,COMPLETE,12/04/2009,09/30/2010,95,1
q_0024,202,PATIENT-DEL,1.12,CS,COMPLETE,04/15/2011,04/20/2011,95,1
q_0024,219,PATIENT-DEL,1.24,CS,COMPLETE,09/21/2012,09/25/2012,137,1
q_0025,572,FAMILY MEMBER,1,TS,COMPLETE,12/04/2009,01/25/2011,95,1
q_0025,588,FAMILY MEMBER,1.12,TS,COMPLETE,04/15/2011,04/20/2011,95,1
q_0025,605,FAMILY MEMBER,1.24,CS,COMPLETE,09/21/2012,09/25/2012,137,1
q_0026,205,PATIENT-DEL,1,JG,COMPLETE,05/25/2010,09/30/2010,103,1
q_0026,227,PATIENT-DEL,1.12,JG,COMPLETE,03/22/2012,04/03/2012,121,1
q_0026,241,PATIENT-DEL,1.24,JG,COMPLETE,05/03/2013,05/14/2013,137,1
q_0027,536,FAMILY MEMBER,1,DG,COMPLETE,05/25/2010,01/25/2011,95,1
q_0027,558,FAMILY MEMBER,1.12,DG,COMPLETE,03/26/2012,04/03/2012,121,1
q_0027,572,FAMILY MEMBER,1.24,LK,COMPLETE,05/03/2013,11/05/2013,150,1
q_0028,95,PATIENT-DEL,1,WD,COMPLETE,02/02/2010,09/30/2010,103,1
q_0029,.,FAMILY MEMBER,1,NW,COMPLETE,02/02/2010,01/25/2011,95,1
q_0030,139,PATIENT-DEL,1,RH,COMPLETE,02/09/2010,10/07/2010,101,1
q_0030,153,PATIENT-DEL,1.12,RH,COMPLETE,04/22/2011,05/11/2011,95,1
q_0030,171,PATIENT-DEL,1.24,RH,COMPLETE,10/29/2012,10/31/2012,137,1
q_0031,789,FAMILY MEMBER,1,JP,COMPLETE,02/09/2010,10/07/2010,100,1
q_0031,803,FAMILY MEMBER,1.12,JP,COMPLETE,04/22/2011,03/05/2012,95,1
q_0031,821,FAMILY MEMBER,1.24,JP,COMPLETE,10/29/2012,10/31/2012,137,1
q_0032,.,FAMILY MEMBER,1,RH,COMPLETE,02/09/2010,01/25/2011,95,1
q_0032,.,FAMILY MEMBER,1.12,,DATA UNAVAILABLE,04/22/2011,03/01/2012,95,.
q_0033,323,CONTROL,1,JC,COMPLETE,03/19/2010,10/07/2010,100,1
q_0034,159,PATIENT-DEL,1,GC,COMPLETE,04/05/2010,10/06/2010,103,1
q_0035,.,FAMILY MEMBER,1,PC,COMPLETE,03/30/2010,10/07/2010,100,1
q_0036,0,CONTROL,1,ZM,COMPLETE,08/31/2002,10/06/2010,103,1
q_0036,106,CONTROL,1.12,ZM,COMPLETE,06/28/2011,08/15/2011,121,1
q_0036,118,CONTROL,1.24,ZM,COMPLETE,06/21/2012,06/28/2012,107,1
q_0037,109,CONTROL,1,CD,COMPLETE,03/30/2010,10/06/2010,103,1
q_0037,122,CONTROL,1.12,CD,COMPLETE,04/20/2011,04/20/2011,95,1
q_0037,134,CONTROL,1.24,CD,COMPLETE,04/03/2012,04/11/2012,126,1
q_0038,91,CONTROL,1,DD,COMPLETE,04/26/2010,10/05/2010,103,1
q_0038,103,CONTROL,1.12,DD,COMPLETE,04/19/2011,04/20/2011,95,1
q_0038,115,CONTROL,1.24,DD,COMPLETE,04/03/2012,04/26/2012,131,1
q_0039,218,CONTROL,1,GC,COMPLETE,04/13/2010,10/05/2010,103,1
q_0039,232,CONTROL,1.12,GC,COMPLETE,06/01/2011,06/15/2011,95,1
q_0040,140,CONTROL,1,,DATA UNAVAILABLE,05/14/2010,01/20/2011,103,.
q_0040,153,CONTROL,1.12,TD,COMPLETE,06/27/2011,06/28/2011,95,1
q_0040,162,CONTROL,1.24,TD,COMPLETE,03/07/2012,03/07/2012,95,1
q_0041,74,PATIENT-DEL,1,DG,COMPLETE,06/01/2010,10/07/2010,100,1
q_0041,85,PATIENT-DEL,1.12,DG,COMPLETE,05/23/2011,06/15/2011,95,1
q_0041,101,PATIENT-DEL,1.24,DG,COMPLETE,09/26/2012,09/27/2012,137,1
q_0042,476,FAMILY MEMBER,1,LG,COMPLETE,05/21/2010,01/25/2011,95,1
q_0042,488,FAMILY MEMBER,1.12,LG,COMPLETE,05/23/2011,03/01/2012,95,1
q_0042,504,FAMILY MEMBER,1.24,LG,COMPLETE,09/26/2012,09/27/2012,137,1
q_0043,189,PATIENT-DEL,1,BS,COMPLETE,06/01/2010,10/07/2010,103,1
q_0044,.,FAMILY MEMBER,1,JS,COMPLETE,05/21/2010,01/25/2011,95,1
q_0045,120,PATIENT-DEL,1,EG,COMPLETE,07/06/2010,09/17/2010,100,1
q_0045,133,PATIENT-DEL,1.12,EG,COMPLETE,08/30/2011,09/08/2011,95,1
q_0045,147,PATIENT-DEL,1.24,EG,COMPLETE,10/05/2012,10/15/2012,137,1
q_0046,564,FAMILY MEMBER,1,LG,COMPLETE,07/06/2010,01/25/2011,95,1
q_0046,577,FAMILY MEMBER,1.12,LG,COMPLETE,08/30/2011,03/01/2012,95,1
q_0046,591,FAMILY MEMBER,1.24,NE,COMPLETE,10/05/2012,11/13/2013,150,1
q_0047,477,FAMILY MEMBER,1,SG,COMPLETE,07/06/2010,01/25/2011,95,1
q_0047,490,FAMILY MEMBER,1.12,,DATA UNAVAILABLE,08/30/2011,03/01/2012,95,.
q_0047,490,FAMILY MEMBER,1.24,SG,DATA UNAVAILABLE,08/30/2011,10/29/2013,150,.
q_0048,104,PATIENT-DEL,1,AC,COMPLETE,07/07/2010,03/30/2011,95,1
q_0048,117,PATIENT-DEL,1.12,AC,COMPLETE,08/17/2011,08/18/2011,121,1
q_0049,469,FAMILY MEMBER,1,MC,COMPLETE,07/07/2010,01/25/2011,95,1
q_0049,482,FAMILY MEMBER,1.12,MC,COMPLETE,08/17/2011,08/18/2011,121,1
q_0050,.,FAMILY MEMBER,1,JC,COMPLETE,07/07/2010,01/25/2011,95,1
q_0050,.,FAMILY MEMBER,1.12,,DATA UNAVAILABLE,08/17/2011,03/01/2012,95,.
q_0051,75,CONTROL,1,JL,COMPLETE,07/23/2010,03/30/2011,95,1
q_0051,93,CONTROL,1.12,JL,COMPLETE,01/30/2012,03/01/2012,121,1
q_0051,105,CONTROL,1.24,JL,COMPLETE,01/31/2013,02/11/2013,107,1
q_0052,207,CONTROL,1,SL,COMPLETE,07/30/2010,03/30/2011,95,1
q_0053,106,CONTROL,1,NS,COMPLETE,08/02/2010,03/30/2011,95,1
q_0053,134,CONTROL,1.12,NS,COMPLETE,12/21/2012,01/11/2013,107,1
q_0053,145,CONTROL,1.24,NS,COMPLETE,11/15/2013,12/03/2013,150,1
q_0054,246,CONTROL,1,CY,COMPLETE,08/06/2010,03/30/2011,95,1
q_0055,368,PATIENT-DEL,1,,COMPLETE,08/17/2010,03/30/2011,95,1
q_0056,264,PATIENT-DEL,1,,COMPLETE,08/24/2010,03/30/2011,95,1
q_0056,289,PATIENT-DEL,1.12,BY,COMPLETE,09/10/2012,09/11/2012,107,1
q_0056,306,PATIENT-DEL,1.24,BY,COMPLETE,02/18/2014,02/19/2014,150,1
q_0057,636,FAMILY MEMBER,1,GY,COMPLETE,08/25/2010,01/25/2011,95,1
q_0057,661,FAMILY MEMBER,1.12,,COMPLETE,09/10/2012,09/11/2012,137,1
q_0057,678,FAMILY MEMBER,1.24,KN,COMPLETE,02/01/2014,02/19/2014,152,1
q_0058,610,FAMILY MEMBER,1,KY,COMPLETE,08/25/2010,01/25/2011,95,1
q_0058,635,FAMILY MEMBER,1.12,,COMPLETE,09/10/2012,09/11/2012,137,1
q_0058,652,FAMILY MEMBER,1.24,,COMPLETE,02/10/2014,02/19/2014,152,1
q_0059,92,PATIENT-DEL,1,EM,COMPLETE,08/27/2010,10/07/2010,103,1
q_0059,104,PATIENT-DEL,1.12,EM,COMPLETE,08/03/2011,08/15/2011,121,1
q_0060,161,CONTROL,1,KJ,COMPLETE,08/31/2010,10/07/2010,102,1
q_0060,215,CONTROL,1.12,,COMPLETE,02/13/2015,05/23/2017,177,1
q_0061,179,CONTROL,1,RJ,COMPLETE,08/31/2010,03/24/2011,95,1
q_0062,302,PATIENT-DEL,1,RB,COMPLETE,09/08/2010,03/30/2011,95,1
q_0062,316,PATIENT-DEL,1.12,RB,COMPLETE,11/29/2011,03/01/2012,95,1
q_0063,601,FAMILY MEMBER,1,KG,COMPLETE,09/10/2010,01/25/2011,95,1
q_0063,615,FAMILY MEMBER,1.12,KG,COMPLETE,11/29/2011,03/01/2012,95,1
q_0064,218,CONTROL,1,DH,COMPLETE,09/16/2010,03/24/2011,95,1
q_0065,520,PATIENT-DEL,1,TS,COMPLETE,03/15/2009,09/29/2010,99,1
q_0065,545,PATIENT-DEL,1.12,TS,COMPLETE,04/04/2011,04/20/2011,95,1
q_0066,740,PATIENT-DEL,1,JW,COMPLETE,03/16/2009,09/29/2010,99,1
q_0067,413,PATIENT-DEL,1,MO,COMPLETE,04/01/2009,09/29/2010,99,1
q_0068,591,PATIENT-DEL,1,RE,COMPLETE,04/20/2009,09/29/2010,95,0
q_0069,292,PATIENT-DEL,1,RM,COMPLETE,04/27/2009,09/29/2010,99,1
q_0070,508,PATIENT-DEL,1,BF,COMPLETE,06/22/2009,01/19/2011,95,0
q_0071,524,PATIENT-DEL,1,SH,COMPLETE,03/02/2010,09/29/2010,99,1
q_0072,84,PATIENT-DEL,1,VR,COMPLETE,10/05/2010,02/03/2011,99,1
q_0072,97,PATIENT-DEL,1.12,VR,COMPLETE,11/03/2011,11/21/2011,121,1
q_0072,111,PATIENT-DEL,1.24,VR,COMPLETE,01/10/2013,01/15/2013,137,1
q_0073,323,FAMILY MEMBER,1,BG,COMPLETE,10/05/2010,01/25/2011,95,1
q_0073,336,FAMILY MEMBER,1.12,BG,COMPLETE,11/03/2011,03/01/2012,95,1
q_0073,350,FAMILY MEMBER,1.24,BG,COMPLETE,01/10/2013,01/15/2013,95,1
q_0074,626,FAMILY MEMBER,1,NLG,COMPLETE,10/05/2010,01/25/2011,95,1
q_0074,639,FAMILY MEMBER,1.12,,DATA UNAVAILABLE,11/03/2011,03/01/2012,95,.
q_0074,653,FAMILY MEMBER,1.24,NG,COMPLETE,01/10/2013,01/15/2013,116,1
q_0075,635,FAMILY MEMBER,1,CH,DATA UNAVAILABLE,12/02/2008,01/11/2011,95,.
q_0075,657,FAMILY MEMBER,1.12,CH,COMPLETE,10/15/2010,01/19/2011,95,1
q_0075,680,FAMILY MEMBER,1.24,CH,COMPLETE,09/24/2012,10/29/2013,150,1
q_0076,253,CONTROL,1,KL,COMPLETE,10/18/2010,02/03/2011,99,1
q_0077,167,CONTROL,1,AC,COMPLETE,10/25/2010,02/03/2011,99,1
q_0077,183,CONTROL,1.12,AC,COMPLETE,02/29/2012,02/29/2012,95,1
q_0077,196,CONTROL,1.24,AC,COMPLETE,03/11/2013,03/13/2013,116,1
q_0078,150,PATIENT-DEL,1,CC,COMPLETE,11/19/2010,11/30/2010,95,1
q_0078,162,PATIENT-DEL,1.12,AS,COMPLETE,11/10/2011,03/01/2012,95,1
q_0079,420,FAMILY MEMBER,1,BG,COMPLETE,11/19/2010,01/25/2011,95,1
q_0079,432,FAMILY MEMBER,1.12,BG,COMPLETE,11/10/2011,03/01/2012,95,1
q_0080,92,CONTROL,1,AH,COMPLETE,11/22/2010,02/03/2011,99,1
q_0081,160,CONTROL,1,GD,COMPLETE,11/24/2010,02/03/2011,99,1
q_0082,254,PATIENT-DEL,1,AP,COMPLETE,12/15/2010,02/03/2011,99,1
q_0082,267,PATIENT-DEL,1.12,AP,COMPLETE,01/05/2012,03/01/2012,95,1
q_0082,279,PATIENT-DEL,1.24,AP,COMPLETE,01/11/2013,01/14/2013,116,1
q_0083,613,FAMILY MEMBER,1,DP,COMPLETE,12/16/2010,01/26/2011,95,1
q_0083,626,FAMILY MEMBER,1.12,DP,COMPLETE,01/06/2012,03/01/2012,95,1
q_0083,638,FAMILY MEMBER,1.24,DP,COMPLETE,01/11/2013,01/24/2013,137,1
q_0084,418,FAMILY MEMBER,1,HE,DATA UNAVAILABLE,08/17/2009,01/26/2011,95,.
q_0084,435,FAMILY MEMBER,1.12,HE,COMPLETE,01/13/2011,01/26/2011,95,1
q_0084,457,FAMILY MEMBER,1.24,HE,COMPLETE,11/05/2012,10/29/2013,150,1
q_0085,293,PATIENT-DEL,1,AS,COMPLETE,01/20/2011,01/27/2011,99,1
q_0085,306,PATIENT-DEL,1.12,AS,COMPLETE,02/24/2012,03/01/2012,121,1
q_0085,358,PATIENT-DEL,1.24,,COMPLETE,06/13/2016,01/19/2017,177,1
q_0086,661,FAMILY MEMBER,1,JS,COMPLETE,01/20/2011,01/26/2011,95,1
q_0086,673,FAMILY MEMBER,1.12,JS,COMPLETE,01/06/2012,03/01/2012,95,1
q_0087,1332,FAMILY MEMBER,1,PS,COMPLETE,01/21/2011,01/26/2011,95,1
q_0087,1344,FAMILY MEMBER,1.12,,DATA UNAVAILABLE,01/06/2012,03/01/2012,95,.
q_0088,183,PATIENT-DEL,1,TL,COMPLETE,01/24/2011,01/27/2011,99,1
q_0088,206,PATIENT-DEL,1.12,TL,COMPLETE,12/10/2012,12/17/2012,107,1
q_0089,447,FAMILY MEMBER,1,LSL,COMPLETE,01/25/2011,01/26/2011,95,1
q_0089,470,FAMILY MEMBER,1.12,LL,COMPLETE,12/10/2012,12/12/2012,121,1
q_0091,233,CONTROL,1,AH,COMPLETE,02/23/2011,03/09/2011,95,1
q_0091,246,CONTROL,1.12,AH,COMPLETE,03/05/2012,03/07/2012,95,1
q_0092,260,CONTROL,1,CH,COMPLETE,03/04/2011,03/09/2011,95,1
q_0093,230,PATIENT-DEL,1,BG,COMPLETE,03/07/2011,03/09/2011,95,1
q_0093,242,PATIENT-DEL,1.12,BG,COMPLETE,03/12/2012,04/17/2012,131,1
q_0093,254,PATIENT-DEL,1.24,BG,COMPLETE,03/31/2013,04/08/2013,116,1
q_0094,113,PATIENT-DEL,1,CP,COMPLETE,03/17/2011,03/18/2011,95,1
q_0095,404,FAMILY MEMBER,1,SP,COMPLETE,03/17/2011,03/23/2011,95,1
q_0096,621,FAMILY MEMBER,1,SW,COMPLETE,04/17/2009,03/01/2012,150,1
q_0096,644,FAMILY MEMBER,1.12,SW,COMPLETE,03/28/2011,03/01/2012,95,1
q_0096,663,FAMILY MEMBER,1.24,SW,COMPLETE,10/08/2012,10/08/2012,107,1
q_0097,.,FAMILY MEMBER,1,,DATA UNAVAILABLE,04/17/2009,03/05/2012,95,.
q_0097,.,FAMILY MEMBER,1.12,JM,COMPLETE,03/28/2011,03/05/2012,95,1
q_0098,170,CONTROL,1,GE,COMPLETE,04/01/2011,04/06/2011,95,1
q_0099,182,CONTROL,1,ME,COMPLETE,04/01/2011,04/15/2011,95,1
q_0100,161,CONTROL,1,MH,COMPLETE,04/01/2011,04/15/2011,95,1
q_0101,122,CONTROL,1,JC,COMPLETE,04/12/2011,04/15/2011,95,1
q_0101,143,CONTROL,1.12,JC,COMPLETE,01/03/2013,01/07/2013,116,1
q_0102,98,CONTROL,1,ZC,COMPLETE,04/12/2011,04/18/2011,95,1
q_0102,119,CONTROL,1.12,ZC,COMPLETE,01/03/2013,01/07/2013,116,1
q_0103,82,CONTROL,1,NS,COMPLETE,04/18/2011,04/20/2011,95,1
q_0103,98,CONTROL,1.12,NS,COMPLETE,08/27/2012,08/28/2012,137,1
q_0104,489,FAMILY MEMBER,1,,DATA UNAVAILABLE,02/09/2009,03/05/2012,95,.
q_0104,531,FAMILY MEMBER,1.12,TS,COMPLETE,08/27/2012,03/05/2012,150,1
q_0105,148,PATIENT-DEL,1,NB,COMPLETE,05/02/2011,05/11/2011,95,1
q_0105,163,PATIENT-DEL,1.12,NB,COMPLETE,08/14/2012,08/15/2012,137,1
q_0105,177,PATIENT-DEL,1.24,NB,COMPLETE,10/08/2013,10/17/2013,150,1
q_0106,537,FAMILY MEMBER,1,JS,COMPLETE,05/02/2011,05/11/2011,95,1
q_0106,552,FAMILY MEMBER,1.12,JS,COMPLETE,08/14/2012,08/23/2012,137,1
q_0107,.,FAMILY MEMBER,1,SB,COMPLETE,05/09/2011,05/11/2011,95,1
q_0108,470,FAMILY MEMBER,1,,DATA UNAVAILABLE,08/11/2009,03/05/2012,95,.
q_0108,491,FAMILY MEMBER,1.12,HM,COMPLETE,05/04/2011,03/05/2012,95,1
q_0108,501,FAMILY MEMBER,1.24,HM,COMPLETE,03/26/2012,04/03/2012,121,1
q_0109,256,CONTROL,1,JN,COMPLETE,05/25/2011,06/15/2011,95,1
q_0110,265,CONTROL,1,ZA,COMPLETE,05/31/2011,05/09/2012,150,1
q_0111,228,CONTROL,1,DF,COMPLETE,07/08/2011,08/31/2011,121,1
q_0112,103,PATIENT-DEL,1,ZK,COMPLETE,06/07/2011,06/15/2011,95,1
q_0112,120,PATIENT-DEL,1.12,ZK,COMPLETE,11/14/2012,11/15/2012,137,1
q_0113,38,FAMILY MEMBER,1,CO,COMPLETE,06/07/2011,06/28/2011,95,1
q_0113,55,FAMILY MEMBER,1.12,CO,COMPLETE,11/14/2012,11/15/2012,137,1
q_0114,72,PATIENT-DEL,1,KN,COMPLETE,06/29/2011,07/25/2011,107,1
q_0114,89,PATIENT-DEL,1.12,KN,COMPLETE,11/09/2012,11/14/2012,121,1
q_0114,104,PATIENT-DEL,1.24,KN,COMPLETE,02/14/2014,02/18/2014,150,1
q_0115,422,FAMILY MEMBER,1,CN,COMPLETE,06/29/2011,08/15/2011,121,1
q_0115,439,FAMILY MEMBER,1.12,CN,COMPLETE,11/09/2012,10/29/2013,150,1
q_0115,454,FAMILY MEMBER,1.24,KN,COMPLETE,02/01/2014,02/19/2014,152,1
q_0116,731,FAMILY MEMBER,1,CN,COMPLETE,06/29/2011,08/15/2011,121,1
q_0116,748,FAMILY MEMBER,1.12,CN,COMPLETE,11/09/2012,10/29/2013,150,1
q_0116,763,FAMILY MEMBER,1.24,KN,COMPLETE,02/01/2014,02/19/2014,152,1
q_0117,157,CONTROL,1,AD,COMPLETE,07/06/2011,08/15/2011,121,1
q_0117,170,CONTROL,1.12,,COMPLETE,08/31/2012,09/11/2012,137,1
q_0118,228,PATIENT-DEL,1,MG,COMPLETE,07/07/2011,08/15/2011,121,1
q_0119,583,FAMILY MEMBER,1,CG,COMPLETE,07/07/2011,08/15/2011,121,1
q_0120,127,PATIENT-DEL,1,JT,COMPLETE,07/11/2011,08/15/2011,121,1
q_0120,147,PATIENT-DEL,1.12,JT,COMPLETE,03/25/2013,04/01/2013,107,1
q_0120,162,PATIENT-DEL,1.24,JT,COMPLETE,06/18/2014,07/02/2015,158,1
q_0121,460,FAMILY MEMBER,1,LT,COMPLETE,07/11/2011,08/15/2011,121,1
q_0121,480,FAMILY MEMBER,1.12,LT,COMPLETE,03/25/2013,04/01/2013,107,1
q_0122,148,PATIENT-DEL,1,RCP,COMPLETE,07/18/2011,08/15/2011,121,1
q_0123,583,FAMILY MEMBER,1,RP,COMPLETE,07/18/2011,08/15/2011,121,1
q_0124,179,PATIENT-DEL,1,LJ,COMPLETE,07/28/2011,08/15/2011,121,1
q_0124,193,PATIENT-DEL,1.12,LJ,COMPLETE,09/17/2012,09/18/2012,137,1
q_0124,207,PATIENT-DEL,1.24,LJ,COMPLETE,11/26/2013,12/04/2013,150,1
q_0125,524,FAMILY MEMBER,1,TJ,COMPLETE,07/28/2011,08/15/2011,121,1
q_0125,538,FAMILY MEMBER,1.12,,DATA UNAVAILABLE,09/17/2012,09/20/2012,95,.
q_0126,210,CONTROL,1,TC,COMPLETE,08/01/2011,08/15/2011,121,1
q_0126,217,CONTROL,1.12,TC,COMPLETE,03/05/2012,03/06/2013,137,1
q_0127,73,CONTROL,1,RC,COMPLETE,08/08/2011,08/15/2011,121,1
q_0127,92,CONTROL,1.12,RC,COMPLETE,03/05/2013,03/05/2013,137,1
q_0127,109,CONTROL,1.24,,COMPLETE,08/03/2014,08/21/2014,152,1
q_0128,718,FAMILY MEMBER,1,,DATA UNAVAILABLE,08/27/2010,03/05/2012,95,.
q_0128,730,FAMILY MEMBER,1.12,DM,COMPLETE,08/03/2011,03/05/2012,95,1
q_0129,581,FAMILY MEMBER,1,,DATA UNAVAILABLE,08/27/2010,03/05/2012,95,.
q_0129,593,FAMILY MEMBER,1.12,JM,COMPLETE,08/03/2011,03/05/2012,95,1
q_0130,265,PATIENT-DEL,1,SH,COMPLETE,08/15/2011,08/15/2011,121,1
q_0130,277,PATIENT-DEL,1.12,SH,COMPLETE,08/13/2012,08/16/2012,137,1
q_0130,304,PATIENT-DEL,1.24,,COMPLETE,11/03/2014,10/03/2016,177,1
q_0131,578,FAMILY MEMBER,1,RH,COMPLETE,08/15/2011,08/15/2011,121,1
q_0131,590,FAMILY MEMBER,1.12,RH,COMPLETE,08/13/2012,08/16/2012,137,1
q_0132,173,PATIENT-DEL,1,MP,COMPLETE,08/22/2011,08/22/2011,95,1
q_0133,508,FAMILY MEMBER,1,,COMPLETE,08/22/2011,08/22/2011,121,1
q_0134,551,FAMILY MEMBER,1,KP,COMPLETE,08/22/2011,08/22/2011,95,1
q_0135,88,CONTROL,1,JEP,COMPLETE,09/01/2011,09/07/2011,121,1
q_0136,77,CONTROL,1,JAP,COMPLETE,09/01/2011,09/07/2011,121,1
q_0137,104,CONTROL,1,RP,COMPLETE,09/02/2011,09/07/2011,121,1
q_0138,75,PATIENT-DEL,1,EG,COMPLETE,09/06/2011,09/07/2011,121,1
q_0138,87,PATIENT-DEL,1.12,EG,COMPLETE,09/04/2012,09/05/2012,137,1
q_0138,99,PATIENT-DEL,1.24,EG,COMPLETE,09/03/2013,10/29/2013,150,1
q_0139,1340,FAMILY MEMBER,1,DG,COMPLETE,09/06/2011,09/07/2011,121,1
q_0139,1352,FAMILY MEMBER,1.12,DG,COMPLETE,09/04/2012,09/05/2012,137,1
q_0139,1364,FAMILY MEMBER,1.24,DG,COMPLETE,09/03/2013,10/29/2013,150,1
q_0140,1340,FAMILY MEMBER,1,DG,COMPLETE,09/06/2011,09/07/2011,121,1
q_0140,1352,FAMILY MEMBER,1.12,DG,COMPLETE,09/04/2012,09/05/2012,137,1
q_0140,1364,FAMILY MEMBER,1.24,DG,COMPLETE,09/03/2013,10/29/2013,150,1
q_0141,166,PATIENT-DEL,1,KT,COMPLETE,10/10/2011,10/12/2011,116,1
q_0141,178,PATIENT-DEL,1.12,KT,COMPLETE,10/09/2012,10/15/2012,137,1
q_0141,190,PATIENT-DEL,1.24,KT,COMPLETE,10/07/2013,10/16/2013,150,1
q_0142,516,FAMILY MEMBER,1,KT,COMPLETE,10/10/2011,10/20/2011,121,1
q_0142,528,FAMILY MEMBER,1.12,KT,COMPLETE,10/09/2012,10/21/2013,149,1
q_0142,540,FAMILY MEMBER,1.24,KT,COMPLETE,10/07/2013,10/29/2013,150,1
q_0143,577,FAMILY MEMBER,1,ST,COMPLETE,10/10/2011,10/20/2011,121,1
q_0143,589,FAMILY MEMBER,1.12,LK,COMPLETE,10/09/2012,10/21/2013,149,1
q_0143,601,FAMILY MEMBER,1.24,ST,COMPLETE,10/07/2013,10/29/2013,150,1
q_0144,212,FAMILY MEMBER,1,ST,COMPLETE,10/10/2011,10/20/2011,121,1
q_0144,224,FAMILY MEMBER,1.12,LK,COMPLETE,10/09/2012,10/21/2013,149,1
q_0144,236,FAMILY MEMBER,1.24,ST,COMPLETE,10/07/2013,10/29/2013,150,1
q_0145,99,CONTROL,1,NK,COMPLETE,10/27/2011,11/07/2011,95,1
q_0146,202,CONTROL,1,JD,COMPLETE,12/07/2011,02/28/2012,95,1
q_0146,213,CONTROL,1.12,JD,COMPLETE,11/08/2012,11/08/2012,116,1
q_0146,229,CONTROL,1.24,JD,COMPLETE,03/03/2014,03/04/2014,150,1
q_0147,428,PATIENT-DEL,1,MP,COMPLETE,12/11/2011,01/19/2012,129,1
q_0147,460,PATIENT-DEL,1.12,MP,COMPLETE,08/15/2014,07/07/2015,158,1
q_0147,472,PATIENT-DEL,1.24,MP,COMPLETE,08/11/2015,10/01/2015,158,1
q_0148,680,FAMILY MEMBER,1,LH,COMPLETE,12/12/2011,02/28/2012,95,1
q_0149,196,CONTROL,1,DR,COMPLETE,12/19/2011,01/19/2012,129,1
q_0149,207,CONTROL,1.12,DR,COMPLETE,11/19/2012,11/20/2012,137,1
q_0150,166,CONTROL,1,CR,COMPLETE,12/20/2011,01/19/2012,129,1
q_0150,177,CONTROL,1.12,CR,COMPLETE,11/19/2012,11/20/2012,137,1
q_0151,159,PATIENT-DEL,1,GS,COMPLETE,01/11/2012,01/24/2012,129,1
q_0152,575,FAMILY MEMBER,1,KS,COMPLETE,01/11/2012,02/28/2012,95,1
q_0153,113,PATIENT-DEL,1,JL,COMPLETE,01/19/2012,01/24/2012,129,1
q_0154,408,FAMILY MEMBER,1,MO,COMPLETE,01/19/2012,02/28/2012,95,1
q_0155,347,FAMILY MEMBER,1,SO,COMPLETE,01/19/2012,02/28/2012,95,1
q_0156,250,PATIENT-DEL,1,AR,COMPLETE,01/30/2012,02/28/2012,95,1
q_0156,273,PATIENT-DEL,1.12,LK,COMPLETE,12/10/2013,02/04/2014,150,1
q_0157,158,CONTROL,1,AC,COMPLETE,01/30/2012,02/28/2012,95,1
q_0157,181,CONTROL,1.12,AC,COMPLETE,12/10/2013,02/06/2014,150,1
q_0158,524,FAMILY MEMBER,1,EM,COMPLETE,01/30/2012,02/28/2012,95,1
q_0159,203,PATIENT-DEL,1,SS,COMPLETE,02/01/2012,02/28/2012,95,1
q_0159,215,PATIENT-DEL,1.12,SS,COMPLETE,02/12/2013,02/14/2013,107,1
q_0160,666,FAMILY MEMBER,1,CS,COMPLETE,02/01/2012,02/28/2012,95,1
q_0160,666,FAMILY MEMBER,1.12,CS,COMPLETE,02/01/2012,02/19/2013,137,1
q_0161,227,CONTROL,1,JL,COMPLETE,02/28/2012,02/28/2012,95,1
q_0161,241,CONTROL,1.12,JL,COMPLETE,04/16/2013,05/03/2013,137,1
q_0162,181,CONTROL,1,MB,COMPLETE,03/20/2012,04/03/2012,121,1
q_0163,222,CONTROL,1,AM,COMPLETE,03/26/2012,04/03/2012,121,1
q_0164,.,CONTROL,1,KG,COMPLETE,04/04/2012,04/23/2012,126,1
q_0165,.,CONTROL,1,AG,COMPLETE,04/04/2012,04/23/2012,126,1
q_0166,83,CONTROL,1,DJ,COMPLETE,04/05/2012,04/12/2012,95,1
q_0166,103,CONTROL,1.12,DJ,COMPLETE,12/10/2013,02/06/2014,150,1
q_0167,94,CONTROL,1,JB,COMPLETE,04/05/2012,04/16/2012,131,1
q_0168,154,CONTROL,1,JB,COMPLETE,04/05/2012,04/16/2012,131,1
q_0169,154,CONTROL,1,JB,COMPLETE,04/12/2012,04/16/2012,131,1
q_0170,94,CONTROL,1,GP,COMPLETE,04/10/2012,04/12/2012,121,1
q_0170,125,CONTROL,1.12,,COMPLETE,11/25/2014,10/04/2016,177,1
q_0171,111,CONTROL,1,HP,COMPLETE,04/10/2012,04/12/2012,121,1
q_0172,174,CONTROL,1,AA,COMPLETE,04/12/2012,04/13/2012,95,1
q_0172,186,CONTROL,1.12,AA,COMPLETE,04/26/2013,05/03/2013,137,1
q_0172,198,CONTROL,1.24,,COMPLETE,04/17/2014,04/24/2014,152,1
q_0173,191,CONTROL,1,AA,COMPLETE,04/12/2012,04/16/2012,131,1
q_0173,203,CONTROL,1.12,AA,COMPLETE,04/26/2013,05/03/2013,137,1
q_0173,215,CONTROL,1.24,,COMPLETE,04/17/2014,04/25/2014,152,1
q_0174,235,PATIENT-DEL,1,DG,COMPLETE,04/17/2012,04/19/2012,121,1
q_0174,271,PATIENT-DEL,1.12,DG,COMPLETE,04/27/2015,06/23/2015,158,1
q_0175,468,FAMILY MEMBER,1,RG,COMPLETE,04/17/2012,04/26/2012,121,1
q_0176,136,CONTROL,1,AG,COMPLETE,04/24/2012,05/01/2012,121,1
q_0176,149,CONTROL,1.12,AG,COMPLETE,05/07/2013,05/09/2013,137,1
q_0176,165,CONTROL,1.24,,COMPLETE,09/19/2014,04/28/2015,149,1
q_0177,183,PATIENT-DUP,1,JM,COMPLETE,05/01/2012,05/02/2012,95,1
q_0178,101,PATIENT-DUP,1,JM,COMPLETE,05/01/2012,05/02/2012,95,1
q_0179,470,FAMILY MEMBER,1,TM,COMPLETE,05/01/2012,05/10/2012,99,1
q_0180,489,FAMILY MEMBER,1,NM,COMPLETE,05/01/2012,05/10/2012,99,1
q_0181,72,FAMILY MEMBER,1,JM,COMPLETE,05/01/2012,05/10/2012,99,1
q_0182,157,PATIENT-DEL,1,PS,COMPLETE,05/17/2012,05/21/2012,126,1
q_0183,538,FAMILY MEMBER,1,JS,COMPLETE,05/17/2012,05/25/2012,121,1
q_0184,87,CONTROL,1,JGB,COMPLETE,05/17/2012,05/23/2012,126,1
q_0185,132,CONTROL,1,AGB,COMPLETE,05/17/2012,05/23/2012,126,1
q_0186,161,PATIENT-DEL,1,EE,COMPLETE,05/23/2012,05/25/2012,121,1
q_0186,196,PATIENT-DEL,1.12,,COMPLETE,04/10/2015,05/23/2017,177,1
q_0187,465,FAMILY MEMBER,1,VH,COMPLETE,05/23/2012,05/25/2012,121,1
q_0188,141,CONTROL,1,KM,COMPLETE,05/24/2012,05/25/2012,121,1
q_0189,87,CONTROL,1,KM,COMPLETE,05/24/2012,05/25/2012,121,1
q_0190,148,PATIENT-DEL,1,AM,COMPLETE,05/31/2012,05/31/2012,121,1
q_0190,163,PATIENT-DEL,1.12,AM,COMPLETE,08/13/2013,08/14/2013,116,1
q_0190,175,PATIENT-DEL,1.24,,COMPLETE,08/09/2014,09/27/2016,177,1
q_0191,499,FAMILY MEMBER,1,LT,COMPLETE,05/31/2012,05/31/2012,121,1
q_0191,514,FAMILY MEMBER,1.12,LT,COMPLETE,08/13/2013,08/14/2013,116,1
q_0192,73,PATIENT-DEL,1,AG,COMPLETE,06/14/2012,06/27/2012,107,1
q_0192,85,PATIENT-DEL,1.12,AG,COMPLETE,06/11/2013,06/25/2013,107,1
q_0192,97,PATIENT-DEL,1.24,AG,COMPLETE,06/16/2014,07/02/2015,158,1
q_0193,520,FAMILY MEMBER,1,MD,COMPLETE,06/14/2012,06/27/2012,107,1
q_0193,532,FAMILY MEMBER,1.12,MDG,COMPLETE,06/11/2013,06/25/2013,107,1
q_0194,847,FAMILY MEMBER,1,AD,COMPLETE,06/14/2012,06/27/2012,107,1
q_0194,859,FAMILY MEMBER,1.12,AG,COMPLETE,06/11/2013,06/25/2013,107,1
q_0195,472,FAMILY MEMBER,1,DD,COMPLETE,06/14/2012,06/27/2012,107,1
q_0196,77,CONTROL,1,KM,COMPLETE,06/20/2012,06/27/2012,107,1
q_0196,92,CONTROL,1.12,KM,COMPLETE,09/26/2013,11/20/2013,150,1
q_0196,113,CONTROL,1.24,,COMPLETE,06/18/2015,09/26/2016,177,1
q_0197,170,PATIENT-DEL,1,JHY,COMPLETE,06/21/2012,07/02/2012,95,1
q_0198,473,FAMILY MEMBER,1,LF,COMPLETE,06/21/2012,06/28/2012,107,1
q_0199,512,FAMILY MEMBER,1,SG,COMPLETE,06/21/2012,06/28/2012,107,1
q_0200,106,PATIENT-DEL,1,JT,COMPLETE,07/09/2012,07/09/2012,112,1
q_0200,119,PATIENT-DEL,1.12,JT,COMPLETE,08/05/2013,08/05/2013,147,1
q_0200,139,PATIENT-DEL,1.24,,COMPLETE,04/03/2015,09/27/2016,177,1
q_0201,511,FAMILY MEMBER,1,DT,COMPLETE,07/09/2012,07/09/2012,112,1
q_0202,514,FAMILY MEMBER,1,ET,COMPLETE,07/09/2012,07/09/2012,112,1
q_0202,527,FAMILY MEMBER,1.12,ET,COMPLETE,08/05/2013,08/06/2013,107,1
q_0203,78,FAMILY MEMBER,1,IT,COMPLETE,07/11/2012,07/11/2012,135,1
q_0204,48,FAMILY MEMBER,1,ET,COMPLETE,07/11/2012,07/11/2012,135,1
q_0205,149,FAMILY MEMBER,1,AT,COMPLETE,07/11/2012,07/11/2012,135,1
q_0206,73,PATIENT-DEL,1,ZC,COMPLETE,07/17/2012,07/20/2012,135,1
q_0206,102,PATIENT-DEL,1.12,ZC,COMPLETE,12/02/2014,06/11/2015,158,1
q_0207,496,FAMILY MEMBER,1,TC,COMPLETE,07/17/2012,07/20/2012,135,1
q_0208,82,PATIENT-DEL,1,BS,COMPLETE,07/23/2012,07/23/2012,135,1
q_0209,425,FAMILY MEMBER,1,JS,COMPLETE,07/23/2012,07/23/2012,135,1
q_0210,213,,1,AN,COMPLETE,07/26/2012,07/26/2012,117,1
q_0211,413,FAMILY MEMBER,1,VL,COMPLETE,07/26/2012,07/30/2012,117,1
q_0212,175,FAMILY MEMBER,1,EN,COMPLETE,07/26/2012,07/30/2012,117,1
q_0213,94,PATIENT-DEL,1,RO,COMPLETE,08/02/2012,08/03/2012,135,1
q_0213,119,PATIENT-DEL,1.12,RO,COMPLETE,09/26/2014,09/24/2015,158,1
q_0214,436,"FAMILY MEMBER, CONTROL",1,EV,COMPLETE,08/02/2012,08/03/2012,135,1
q_0215,140,CONTROL,1,NE,COMPLETE,08/06/2012,08/06/2012,117,1
q_0215,176,CONTROL,1.12,NE,COMPLETE,08/17/2015,10/01/2015,158,1
q_0216,202,CONTROL,1,DE,COMPLETE,08/06/2012,08/23/2012,137,1
q_0216,238,CONTROL,1.12,DE,COMPLETE,08/17/2015,09/24/2015,158,1
q_0217,206,PATIENT-DEL,1,ELT,COMPLETE,08/10/2012,08/10/2012,135,1
q_0217,223,PATIENT-DEL,1.12,ELT,COMPLETE,01/14/2014,01/27/2014,137,1
q_0217,236,PATIENT-DEL,1.24,,COMPLETE,02/03/2015,09/27/2016,177,1
q_0218,593,FAMILY MEMBER,1,EMT,COMPLETE,08/09/2012,08/10/2012,95,1
q_0219,216,PATIENT-DEL,1,DU,COMPLETE,08/17/2012,08/22/2012,137,1
q_0219,240,PATIENT-DEL,1.12,DU,COMPLETE,08/12/2014,09/30/2015,158,1
q_0219,253,PATIENT-DEL,1.24,DU,COMPLETE,09/01/2015,09/30/2015,158,1
q_0220,572,FAMILY MEMBER,1,MED,COMPLETE,08/16/2012,08/22/2012,137,1
q_0220,596,FAMILY MEMBER,1.12,MED,COMPLETE,08/11/2014,10/01/2015,158,1
q_0220,609,FAMILY MEMBER,1.24,MED,COMPLETE,09/01/2015,10/01/2015,158,1
q_0221,616,FAMILY MEMBER,1,AU,COMPLETE,08/17/2012,08/22/2012,137,1
q_0222,151,PATIENT-DEL,1,TT,COMPLETE,08/22/2012,08/22/2012,137,1
q_0223,72,CONTROL,1,JT,COMPLETE,08/21/2012,08/22/2012,137,1
q_0224,468,FAMILY MEMBER,1,MT,COMPLETE,08/20/2012,08/22/2012,137,1
q_0225,102,CONTROL,1,GG,COMPLETE,09/04/2012,09/05/2012,137,1
q_0225,114,CONTROL,1.12,,COMPLETE,09/03/2013,09/27/2016,177,1
q_0225,133,CONTROL,1.24,,COMPLETE,04/03/2015,09/27/2016,177,1
q_0226,584,FAMILY MEMBER,1,,DATA UNAVAILABLE,07/28/2011,09/18/2012,137,.
q_0226,598,FAMILY MEMBER,1.12,GJ,COMPLETE,09/17/2012,09/18/2012,137,1
q_0227,472,PATIENT-DEL,1,CE,COMPLETE,09/18/2012,09/19/2012,137,1
q_0228,223,CONTROL,1,EO,COMPLETE,09/27/2012,10/01/2012,137,1
q_0228,239,CONTROL,1.12,EO,COMPLETE,01/29/2014,02/06/2014,150,1
q_0229,245,CONTROL,1,BC,COMPLETE,10/02/2012,10/02/2012,126,1
q_0230,82,PATIENT-DEL,1,JM,COMPLETE,11/01/2012,11/07/2012,137,1
q_0231,496,FAMILY MEMBER,1,DM,COMPLETE,11/01/2012,11/07/2012,137,1
q_0232,175,PATIENT-DEL,1,EAM,COMPLETE,12/11/2012,12/17/2012,107,1
q_0233,527,FAMILY MEMBER,1,DM,COMPLETE,12/11/2012,12/17/2012,107,1
q_0234,136,PATIENT-DEL,1,JP,COMPLETE,12/13/2012,12/17/2012,107,1
q_0234,151,PATIENT-DEL,1.12,JP,COMPLETE,03/24/2014,03/31/2014,150,1
q_0235,490,"FAMILY MEMBER, CONTROL",1,TL,COMPLETE,12/13/2012,12/17/2012,107,1
q_0235,505,"FAMILY MEMBER, CONTROL",1.12,,COMPLETE,03/24/2014,04/18/2017,177,1
q_0236,73,PATIENT-DEL,1,DR,COMPLETE,03/07/2013,03/15/2013,107,1
q_0237,412,FAMILY MEMBER,1,MR,COMPLETE,03/07/2013,03/15/2013,121,1
q_0238,227,PATIENT-DEL,1,RK,COMPLETE,03/20/2013,03/21/2013,133,1
q_0238,244,PATIENT-DEL,1.12,,COMPLETE,08/04/2014,08/15/2014,152,1
q_0238,259,PATIENT-DEL,1.24,,COMPLETE,11/13/2015,04/24/2017,177,1
q_0239,583,FAMILY MEMBER,1,JG,COMPLETE,03/20/2013,03/21/2013,133,1
q_0239,600,FAMILY MEMBER,1.12,,COMPLETE,08/04/2014,04/18/2017,177,1
q_0240,266,PATIENT-DEL,1,NZ,COMPLETE,03/26/2013,03/26/2013,95,1
q_0240,281,PATIENT-DEL,1.12,,COMPLETE,06/25/2014,08/30/2016,177,1
q_0240,290,PATIENT-DEL,1.24,,COMPLETE,03/23/2015,08/30/2016,177,1
q_0241,575,FAMILY MEMBER,1,KZ,COMPLETE,03/26/2013,03/26/2013,95,1
q_0241,590,FAMILY MEMBER,1.12,,COMPLETE,06/25/2014,04/18/2017,177,1
q_0241,599,FAMILY MEMBER,1.24,,COMPLETE,03/23/2015,05/22/2017,177,1
q_0242,230,PATIENT-DEL,1,AK,COMPLETE,03/27/2013,04/04/2013,137,1
q_0242,268,PATIENT-DEL,1.12,,COMPLETE,05/16/2016,05/20/2016,177,1
q_0243,670,FAMILY MEMBER,1,MK,COMPLETE,03/27/2013,04/04/2013,137,1
q_0243,708,FAMILY MEMBER,1.12,,COMPLETE,05/16/2016,05/20/2016,177,1
q_0244,301,PATIENT-DEL,1,RY,COMPLETE,09/16/2013,09/27/2013,137,1
q_0244,312,PATIENT-DEL,1.12,DU,COMPLETE,08/12/2014,07/02/2015,158,1
q_0245,667,FAMILY MEMBER,1,RY,COMPLETE,09/16/2013,10/03/2013,150,1
q_0245,679,FAMILY MEMBER,1.12,,COMPLETE,09/22/2014,09/09/2016,177,1
q_0246,142,PATIENT-DEL,1,SW,COMPLETE,09/23/2013,10/02/2013,150,1
q_0247,358,FAMILY MEMBER,1,SW,COMPLETE,09/23/2013,10/03/2013,150,1
q_0248,386,FAMILY MEMBER,1,SW,COMPLETE,09/23/2013,10/03/2013,150,1
q_0249,96,FAMILY MEMBER,1,SW,COMPLETE,09/23/2013,10/03/2013,150,1
q_0250,163,PATIENT-DEL,1,RL,COMPLETE,10/01/2013,10/03/2013,150,1
q_0250,174,PATIENT-DEL,1.12,,COMPLETE,09/27/2014,10/13/2014,152,1
q_0250,187,PATIENT-DEL,1.24,RL,COMPLETE,10/06/2015,10/07/2015,158,1
q_0251,578,FAMILY MEMBER,1,RL,COMPLETE,09/30/2013,10/09/2013,150,1
q_0251,590,FAMILY MEMBER,1.12,,COMPLETE,09/29/2014,09/09/2016,177,1
q_0251,603,FAMILY MEMBER,1.24,AL,COMPLETE,10/06/2015,10/07/2015,158,1
q_0252,321,PATIENT-DEL,1,JP,COMPLETE,12/09/2013,01/28/2014,150,1
q_0253,666,FAMILY MEMBER,1,,COMPLETE,12/09/2013,09/09/2016,177,1
q_0254,545,FAMILY MEMBER,1.12,,COMPLETE,03/19/2014,09/09/2016,177,1
q_0255,123,PATIENT-DEL,1,,COMPLETE,10/20/2014,12/01/2014,149,1
q_0256,383,FAMILY MEMBER,1,,COMPLETE,10/21/2014,09/09/2016,177,1
q_0257,326,PATIENT-DEL,1,,COMPLETE,06/05/2014,08/30/2016,177,1
q_0258,79,PATIENT-DEL,1,,COMPLETE,06/05/2014,11/24/2014,149,1
q_0259,575,FAMILY MEMBER,1,,COMPLETE,06/05/2014,09/09/2016,177,1
q_0260,204,PATIENT-DEL,1,KL,COMPLETE,06/10/2015,06/30/2015,158,1
q_0260,208,PATIENT-DEL,1.12,,COMPLETE,10/26/2015,08/30/2016,177,1
q_0261,528,FAMILY MEMBER,1,,COMPLETE,06/09/2014,09/09/2016,177,1
q_0261,544,FAMILY MEMBER,1.12,,COMPLETE,10/26/2015,09/09/2016,177,1
q_0262,.,FAMILY MEMBER,1,,COMPLETE,06/09/2014,09/09/2016,177,1
q_0263,114,PATIENT-DEL,1,,COMPLETE,09/15/2014,09/09/2016,177,1
q_0265,.,FAMILY MEMBER,1.12,,COMPLETE,08/12/2014,09/09/2016,177,1
q_0266,79,PATIENT-DEL,1,,COMPLETE,08/12/2014,08/30/2016,177,1
q_0266,97,PATIENT-DEL,1.12,,COMPLETE,02/12/2016,08/30/2016,177,1
q_0267,477,FAMILY MEMBER,1,,COMPLETE,08/12/2014,09/09/2016,177,1
q_0267,495,FAMILY MEMBER,1.12,,COMPLETE,02/12/2016,06/03/2016,177,1
q_0268,552,PATIENT-DUP,1,,COMPLETE,10/13/2014,11/25/2014,149,1
q_0269,159,PATIENT-DUP,1,,COMPLETE,10/13/2014,11/25/2014,149,1
q_0270,.,FAMILY MEMBER,1,,COMPLETE,10/13/2014,09/09/2016,177,1
q_0271,190,PATIENT-DUP,1,,COMPLETE,10/09/2014,11/24/2014,149,1
q_0272,490,FAMILY MEMBER,1,,COMPLETE,10/02/2014,09/09/2016,177,1
q_0273,236,PATIENT-DEL,1,,COMPLETE,10/06/2014,09/09/2016,177,1
q_0274,.,FAMILY MEMBER,1,,COMPLETE,10/10/2014,09/09/2016,177,1
q_0275,267,FAMILY MEMBER,1,,COMPLETE,11/03/2014,09/09/2016,177,1
q_0276,263,CONTROL,1,,COMPLETE,11/12/2014,09/09/2016,177,1
q_0277,128,PATIENT-DUP,1,LC,COMPLETE,12/08/2014,09/29/2015,158,1
q_0278,115,PATIENT-DUP,1,MC,COMPLETE,12/08/2014,09/29/2015,158,1
q_0279,98,PATIENT-DUP,1,SC,COMPLETE,12/08/2014,09/29/2015,158,1
q_0280,506,FAMILY MEMBER,1,,COMPLETE,12/09/2014,09/09/2016,177,1
q_0281,235,CONTROL,1,,COMPLETE,01/23/2015,08/29/2016,177,1
q_0282,324,CONTROL,1,WYL,COMPLETE,02/09/2015,10/05/2015,158,1
q_0283,240,CONTROL,1,JT,COMPLETE,02/23/2015,09/29/2015,158,1
q_0284,453,PATIENT-DUP,1,KG,COMPLETE,03/16/2015,09/29/2015,158,1
q_0285,162,PATIENT-DUP,1,JG,COMPLETE,03/16/2015,09/29/2015,158,1
q_0286,141,PATIENT-DUP,1,AG,COMPLETE,03/16/2015,09/29/2015,158,1
q_0287,102,PATIENT-DUP,1,EG,COMPLETE,03/16/2015,09/29/2015,158,1
q_0288,64,PATIENT-DUP,1,CG,COMPLETE,03/16/2015,09/29/2015,158,1
q_0289,418,"FAMILY MEMBER, PATIENT-DUP",1,LMG,COMPLETE,03/16/2015,10/01/2015,158,1
q_0290,125,FAMILY MEMBER,1,BMG,COMPLETE,03/16/2015,10/01/2015,158,1
q_0291,100,PATIENT-DEL,1,JL,COMPLETE,04/17/2015,05/13/2015,158,1
q_0292,502,FAMILY MEMBER,1,MF,COMPLETE,04/17/2015,05/13/2015,158,1
q_0293,654,FAMILY MEMBER,1,FL,COMPLETE,04/17/2015,05/13/2015,158,1
q_0294,246,CONTROL,1,AC,COMPLETE,04/27/2015,05/21/2015,158,1
q_0295,278,CONTROL,1,AC,COMPLETE,04/27/2015,10/05/2015,158,1
q_0296,471,PATIENT-DUP,1,BR,COMPLETE,05/04/2015,05/21/2015,158,1
q_0297,125,PATIENT-DUP,1,KR,COMPLETE,05/04/2015,09/28/2015,158,1
q_0298,114,PATIENT-DUP,1,MR,COMPLETE,05/04/2015,06/30/2015,158,1
q_0299,87,PATIENT-DUP,1,ER,COMPLETE,05/04/2015,09/29/2015,158,1
q_0300,66,PATIENT-DUP,1,LR,COMPLETE,05/04/2015,06/30/2015,158,1
q_0301,.,FAMILY MEMBER,1,JR,COMPLETE,05/04/2015,10/05/2015,158,1
q_0302,.,FAMILY MEMBER,1,KC,COMPLETE,04/27/2015,10/05/2015,158,1
q_0303,297,CONTROL,1,MG,COMPLETE,05/12/2015,06/30/2015,158,1
q_0304,320,CONTROL,1,MSH,COMPLETE,06/16/2015,06/30/2015,158,1
q_0305,.,FAMILY MEMBER,1,MW,COMPLETE,05/01/2015,10/05/2015,158,1
q_0306,285,CONTROL,1,DK,COMPLETE,05/11/2015,09/29/2015,158,1
q_0307,152,PATIENT-DEL,1,,COMPLETE,10/13/2015,10/10/2016,177,1
q_0308,654,FAMILY MEMBER,1,,COMPLETE,10/12/2015,10/25/2016,177,1
q_0309,.,"FAMILY MEMBER, CONTROL",1,,COMPLETE,10/12/2015,10/25/2016,177,1
q_0310,288,PATIENT-DEL,1,,COMPLETE,11/17/2015,10/10/2016,177,1
q_0311,180,PATIENT-DUP,1,,COMPLETE,12/07/2015,10/10/2016,177,1
q_0313,104,PATIENT-DUP,1,,COMPLETE,12/10/2015,10/10/2016,177,1
q_0314,506,FAMILY MEMBER,1,,COMPLETE,12/10/2015,10/25/2016,177,1
q_0315,80,PATIENT-DUP,1,,COMPLETE,01/26/2016,10/25/2016,177,1
q_0316,507,FAMILY MEMBER,1,,COMPLETE,01/26/2016,10/25/2016,177,1
q_0317,62,PATIENT-DUP,1,,COMPLETE,02/23/2016,03/14/2017,177,1
q_0318,521,FAMILY MEMBER,1,,COMPLETE,02/22/2016,08/16/2016,177,1
q_0319,127,PATIENT-DUP,1,,COMPLETE,03/23/2016,08/16/2016,177,1
q_0320,375,FAMILY MEMBER,1,,COMPLETE,03/23/2016,08/16/2016,177,1
q_0321,388,PATIENT-DUP,1,,COMPLETE,03/23/2016,10/10/2016,177,1
q_0322,298,PATIENT-DUP,1,,COMPLETE,03/30/2016,05/20/2016,177,1
q_0323,587,FAMILY MEMBER,1,,COMPLETE,03/30/2016,05/20/2016,177,1
q_0324,100,PATIENT-DUP,1,,COMPLETE,04/05/2016,08/05/2016,177,1
q_0325,486,FAMILY MEMBER,1,,COMPLETE,04/05/2016,08/05/2016,177,1
q_0326,236,PATIENT-DUP,1,,COMPLETE,04/14/2016,08/05/2016,177,1
q_0327,513,PATIENT-DUP,1,,COMPLETE,04/14/2016,08/05/2016,177,1
q_0328,108,PATIENT-DEL,1,,COMPLETE,04/25/2016,05/05/2016,177,1
q_0329,435,FAMILY MEMBER,1,,COMPLETE,04/25/2016,05/05/2016,177,1
q_0330,424,FAMILY MEMBER,1,,COMPLETE,04/25/2016,05/05/2016,177,1
q_0331,229,PATIENT-DEL,1,,COMPLETE,06/30/2016,08/03/2016,177,1
q_0332,639,FAMILY MEMBER,1,,COMPLETE,07/01/2016,08/03/2016,177,1
