SUBJECTID,AGEMONTH,SUBJECT_IDENTITY,CONVERTEDVISITNUM,INITIALS,FORMSTATUS,TESTDATE,ENTDATE,ENTEREDBY,ADOS1,ADOS2,ADOS3,ADOS4,ADOS7,ADOS5,ADOS6
q_0001,209,PATIENT-DEL,1,KH,COMPLETE,12/02/2008,11/05/2010,1,15,13,2,5,.,3,2
q_0003,172,PATIENT-DEL,1,JC,COMPLETE,12/22/2008,11/12/2010,99,1,0,1,3,.,0,0
q_0005,134,PATIENT-DEL,1,IS,COMPLETE,02/09/2009,11/12/2010,99,6,2,3,2,.,2,0
q_0005,302,PATIENT-DEL,2,EB,DATA UNAVAILABLE,02/09/2023,02/09/2023,53,.,.,.,.,.,.,.
q_0007,229,PATIENT-DEL,1,AS,COMPLETE,03/16/2009,11/12/2010,96,15,9,1,5,.,3,2
q_0009,130,PATIENT-DEL,1,VS,COMPLETE,01/26/2009,11/12/2010,99,24,23,7,5,.,9,1
q_0009,299,PATIENT-DEL,2,EB,PARTIAL COMPLETE (WILL ENTER THE MISSING ITEMS LATER),02/09/2023,02/09/2023,53,.,.,.,.,.,.,.
q_0011,80,PATIENT-DEL,1,JM,COMPLETE,02/24/2009,11/12/2010,149,5,8,4,2,.,2,0
q_0013,78,PATIENT-DEL,1,AM,COMPLETE,04/02/2009,10/19/2010,106,3,3,2,3,.,9,1
q_0014,162,PATIENT-DEL,1,DH,COMPLETE,04/01/2009,10/19/2010,106,10,13,7,2,.,0,0
q_0015,179,PATIENT-DEL,1,AK,COMPLETE,04/13/2009,10/21/2010,106,4,0,1,1,.,0,0
q_0016,204,PATIENT-DEL,1,JM,COMPLETE,04/16/2009,10/21/2010,95,7,16,3,5,.,10,2
q_0017,79,PATIENT-DEL,1,BW,COMPLETE,06/15/2009,10/21/2010,106,20,12,9,4,.,14,1
q_0017,243,PATIENT-DEL,2,EB,DATA UNAVAILABLE,02/09/2023,02/09/2023,53,.,.,.,.,.,.,.
q_0018,84,PATIENT-DEL,1,VF,COMPLETE,06/22/2009,10/21/2010,95,0,3,0,2,.,-9998,0
q_0019,154,PATIENT-DEL,1,JM,COMPLETE,08/11/2009,10/21/2010,96,20,9,4,2,.,9,2
q_0019,316,PATIENT-DEL,2,EB,DATA UNAVAILABLE,02/09/2023,02/09/2023,53,.,.,.,.,.,.,.
q_0021,123,PATIENT-DEL,1,BE,COMPLETE,08/17/2009,10/28/2010,106,1,4,0,0,.,0,0
q_0022,129,PATIENT-DEL,1,JC,COMPLETE,08/21/2009,10/28/2010,106,5,3,1,2,.,2,0
q_0024,186,PATIENT-DEL,1,CS,COMPLETE,12/04/2009,11/08/2010,95,3,1,0,4,.,6,0
q_0026,227,PATIENT-DEL,1,JG,COMPLETE,03/22/2012,01/20/2011,95,6,11,2,5,.,10,1
q_0028,95,PATIENT-DEL,1,WD,COMPLETE,02/02/2010,11/08/2010,106,4,9,2,4,.,6,0
q_0030,139,PATIENT-DEL,1,RH,COMPLETE,02/09/2010,01/20/2011,149,3,5,3,3,3,8,2
q_0030,295,PATIENT-DEL,2,EB,DATA UNAVAILABLE,02/10/2023,02/09/2023,53,.,.,.,.,.,.,.
q_0034,158,PATIENT-DEL,1,GC,COMPLETE,03/30/2010,01/20/2011,106,16,11,1,3,.,11,1
q_0041,73,PATIENT-DEL,1,DG,COMPLETE,05/21/2010,01/20/2011,106,21,15,2,3,.,9,1
q_0041,226,PATIENT-DEL,2,EB,DATA UNAVAILABLE,02/10/2023,02/10/2023,53,.,.,.,.,.,.,.
q_0043,189,PATIENT-DEL,1,BS,COMPLETE,06/01/2010,01/21/2011,106,4,2,4,4,.,4,0
q_0045,120,PATIENT-DEL,1,EG,COMPLETE,07/06/2010,01/21/2011,106,5,3,0,3,.,0,0
q_0048,104,PATIENT-DEL,1,AC,COMPLETE,07/07/2010,12/03/2010,106,12,2,0,2,.,0,0
q_0055,368,PATIENT-DEL,1,DB,DATA UNAVAILABLE,08/19/2010,01/21/2011,96,.,.,.,.,.,.,.
q_0056,264,PATIENT-DEL,1,BY,DATA UNAVAILABLE,08/25/2010,01/21/2011,106,.,.,.,.,.,.,.
q_0059,92,PATIENT-DEL,1,EM,COMPLETE,08/27/2010,01/21/2011,95,8,16,3,5,.,3,2
q_0062,302,PATIENT-DEL,1,RB,DATA UNAVAILABLE,09/10/2010,01/21/2011,106,.,.,.,.,.,.,.
q_0065,520,PATIENT-DEL,1,TS,DATA UNAVAILABLE,03/15/2009,01/19/2011,95,.,.,.,.,.,.,.
q_0066,740,PATIENT-DEL,1,JW,DATA UNAVAILABLE,03/17/2009,01/19/2011,95,.,.,.,.,.,.,.
q_0067,413,PATIENT-DEL,1,MO,DATA UNAVAILABLE,04/02/2009,01/19/2011,95,.,.,.,.,.,.,.
q_0068,591,PATIENT-DEL,1,RE,DATA UNAVAILABLE,04/20/2009,01/19/2011,95,.,.,.,.,.,.,.
q_0069,292,PATIENT-DEL,1,RM,DATA UNAVAILABLE,04/27/2009,01/19/2011,95,.,.,.,.,.,.,.
q_0070,508,PATIENT-DEL,1,BF,DATA UNAVAILABLE,06/22/2009,01/19/2011,95,.,.,.,.,.,.,.
q_0071,524,PATIENT-DEL,1,SH,DATA UNAVAILABLE,03/02/2010,01/19/2011,95,.,.,.,.,.,.,.
q_0072,84,PATIENT-DEL,1,VR,COMPLETE,10/05/2010,01/21/2011,106,4,7,1,5,.,4,0
q_0078,150,PATIENT-DEL,1,AS,COMPLETE,11/19/2010,01/21/2011,106,5,6,0,3,.,2,0
q_0082,254,PATIENT-DEL,1,AP,DATA UNAVAILABLE,12/16/2010,03/23/2011,95,.,.,.,.,.,.,.
q_0085,293,PATIENT-DEL,1,AS,DATA UNAVAILABLE,01/21/2011,03/23/2011,95,.,.,.,.,.,.,.
q_0088,183,PATIENT-DEL,1,TL,COMPLETE,01/25/2011,03/24/2011,95,16,11,4,5,.,3,2
q_0093,254,PATIENT-DEL,1,BG,COMPLETE,03/12/2013,03/09/2011,107,-9999,-9999,-9999,-9999,.,11,1
q_0094,113,PATIENT-DEL,1,CP,COMPLETE,03/18/2011,03/23/2011,95,13,8,2,3,.,14,1
q_0105,148,PATIENT-DEL,1,NB,COMPLETE,05/03/2011,06/15/2011,95,1,0,2,5,.,1,0
q_0105,239,PATIENT-DEL,2,SH,DATA UNAVAILABLE,12/03/2018,05/08/2019,26,.,.,.,.,.,.,.
q_0105,239,PATIENT-DEL,2.12,SH,DATA UNAVAILABLE,12/03/2018,05/08/2019,26,.,.,.,.,.,.,.
q_0105,289,PATIENT-DEL,2.24,EB,DATA UNAVAILABLE,02/10/2023,02/10/2023,53,.,.,.,.,.,.,.
q_0112,103,PATIENT-DEL,1,ZK,COMPLETE,06/07/2011,06/16/2011,95,8,11,1,4,.,11,1
q_0114,72,PATIENT-DEL,1,KN,COMPLETE,06/29/2011,08/24/2011,149,27,22,4,4,3,0,1
q_0114,212,PATIENT-DEL,2,EB,DATA UNAVAILABLE,02/10/2023,02/10/2023,53,.,.,.,.,.,.,.
q_0118,228,PATIENT-DEL,1,MG,DATA UNAVAILABLE,07/07/2011,08/24/2011,95,.,.,.,.,.,.,.
q_0120,127,PATIENT-DEL,1,JT,COMPLETE,07/12/2011,08/24/2011,95,2,5,0,1,.,6,0
q_0122,148,PATIENT-DEL,1,RCP,COMPLETE,07/18/2011,08/24/2011,95,11,17,3,3,.,19,1
q_0124,179,PATIENT-DEL,1,LJ,COMPLETE,07/28/2011,08/24/2011,95,6,10,2,5,.,6,0
q_0130,265,PATIENT-DEL,1,SH,DATA UNAVAILABLE,08/15/2011,08/24/2011,95,.,.,.,.,.,.,.
q_0132,173,PATIENT-DEL,1,MP,COMPLETE,08/23/2011,09/08/2011,95,6,5,2,5,.,8,2
q_0138,75,PATIENT-DEL,1,EG,COMPLETE,09/06/2011,11/16/2011,95,3,3,2,5,.,9,0
q_0138,212,PATIENT-DEL,2,EB,DATA UNAVAILABLE,02/10/2023,02/10/2023,53,.,.,.,.,.,.,.
q_0138,164,PATIENT-DEL,2.12,EB,DATA UNAVAILABLE,02/10/2019,02/10/2023,53,.,.,.,.,.,.,.
q_0141,166,PATIENT-DEL,1,KT,COMPLETE,10/11/2011,11/16/2011,95,16,12,1,5,.,14,2
q_0141,302,PATIENT-DEL,2,EB,DATA UNAVAILABLE,02/13/2023,02/13/2023,53,.,.,.,.,.,.,.
q_0141,302,PATIENT-DEL,2.12,EB,DATA UNAVAILABLE,02/13/2023,02/13/2023,53,.,.,.,.,.,.,.
q_0147,428,PATIENT-DEL,1,MP,DATA UNAVAILABLE,12/16/2011,01/19/2012,129,.,.,.,.,.,.,.
q_0147,522,PATIENT-DEL,2,EJ,DATA UNAVAILABLE,10/07/2019,10/07/2019,26,.,.,.,.,.,.,.
q_0147,522,PATIENT-DEL,2.12,EJ,DATA UNAVAILABLE,10/07/2019,10/07/2019,26,.,.,.,.,.,.,.
q_0151,159,PATIENT-DEL,1,GS,COMPLETE,01/11/2012,02/28/2012,95,20,24,7,4,.,7,2
q_0153,113,PATIENT-DEL,1,JL,COMPLETE,01/19/2012,02/28/2012,95,20,8,1,4,.,16,2
q_0156,250,PATIENT-DEL,1,AR,DATA UNAVAILABLE,01/30/2012,02/28/2012,95,.,.,.,.,.,.,.
q_0159,203,PATIENT-DEL,1,SS,COMPLETE,02/01/2012,02/28/2012,95,7,5,0,3,.,7,0
q_0174,235,PATIENT-DEL,1,DG,DATA UNAVAILABLE,04/17/2012,04/25/2012,95,.,.,.,.,.,.,.
q_0177,183,PATIENT-DUP,1,JM,COMPLETE,05/02/2012,05/02/2012,95,27,18,0,4,.,13,2
q_0178,101,PATIENT-DUP,1,JM,COMPLETE,05/02/2012,05/02/2012,95,0,1,0,1,.,10,0
q_0182,157,PATIENT-DEL,1,PS,COMPLETE,05/17/2012,05/29/2012,121,24,21,10,5,.,9,1
q_0186,161,PATIENT-DEL,1,EE,COMPLETE,05/24/2012,05/29/2012,121,13,15,3,3,.,17,1
q_0190,149,PATIENT-DEL,1,AM,COMPLETE,06/01/2012,06/05/2012,95,2,4,1,4,.,8,0
q_0192,73,PATIENT-DEL,1,AG,COMPLETE,06/14/2012,07/05/2012,96,23,19,8,5,.,6,2
q_0192,201,PATIENT-DEL,2,EB,DATA UNAVAILABLE,02/16/2023,02/16/2023,53,.,.,.,.,.,.,.
q_0192,201,PATIENT-DEL,2.12,EB,DATA UNAVAILABLE,02/16/2023,02/16/2023,53,.,.,.,.,.,.,.
q_0192,201,PATIENT-DEL,2.24,EB,DATA UNAVAILABLE,02/16/2023,02/16/2023,53,.,.,.,.,.,.,.
q_0197,170,PATIENT-DEL,1,JHY,COMPLETE,06/21/2012,07/02/2012,95,18,18,4,2,.,3,0
q_0200,106,PATIENT-DEL,1,JT,COMPLETE,07/09/2012,07/12/2012,95,9,6,8,4,.,12,0
q_0206,73,PATIENT-DEL,1,ZC,COMPLETE,07/17/2012,07/20/2012,135,18,18,12,5,.,16,1
q_0208,82,PATIENT-DEL,1,BS,COMPLETE,07/24/2012,07/30/2012,95,14,15,2,4,.,19,2
q_0210,213,,1,AN,COMPLETE,07/20/2012,07/30/2012,149,25,12,4,4,2,15,1
q_0213,94,PATIENT-DEL,1,RO,COMPLETE,08/02/2012,08/08/2012,95,22,21,8,5,.,9,1
q_0213,220,PATIENT-DEL,2,EB,DATA UNAVAILABLE,02/16/2023,02/16/2023,53,.,.,.,.,.,.,.
q_0217,206,PATIENT-DEL,1,ELT,COMPLETE,08/10/2012,08/29/2012,97,6,3,0,3,.,8,0
q_0217,332,PATIENT-DEL,2,EB,DATA UNAVAILABLE,02/16/2023,02/16/2023,53,.,.,.,.,.,.,.
q_0217,332,PATIENT-DEL,2.12,EB,DATA UNAVAILABLE,02/16/2023,02/16/2023,53,.,.,.,.,.,.,.
q_0217,332,PATIENT-DEL,2.24,EB,DATA UNAVAILABLE,02/16/2023,02/16/2023,53,.,.,.,.,.,.,.
q_0219,216,PATIENT-DEL,1,DU,COMPLETE,08/16/2012,08/29/2012,149,12,15,6,3,3,14,2
q_0222,151,PATIENT-DEL,1,TT,COMPLETE,08/21/2012,09/05/2012,95,13,6,0,5,.,3,0
q_0227,472,PATIENT-DEL,1,,DATA UNAVAILABLE,09/18/2012,10/17/2012,137,.,.,.,.,.,.,.
q_0230,82,PATIENT-DEL,1,JM,COMPLETE,11/01/2012,11/28/2012,137,13,10,4,2,.,12,1
q_0232,175,PATIENT-DEL,1,EAM,COMPLETE,12/11/2012,01/16/2013,116,9,5,2,5,.,9,0
q_0234,136,PATIENT-DEL,1,JP,COMPLETE,12/13/2012,01/16/2013,116,22,15,4,5,.,10,1
q_0234,258,PATIENT-DEL,2,EB,DATA UNAVAILABLE,02/16/2023,02/16/2023,53,.,.,.,.,.,.,.
q_0236,73,PATIENT-DEL,1,DR,COMPLETE,03/07/2013,04/16/2013,107,24,12,6,4,.,12,1
q_0238,227,PATIENT-DEL,1,RK,COMPLETE,03/20/2013,04/16/2013,107,2,5,1,0,.,6,0
q_0238,346,PATIENT-DEL,2,EB,DATA UNAVAILABLE,02/16/2023,02/16/2023,53,.,.,.,.,.,.,.
q_0240,266,PATIENT-DEL,1,NZ,COMPLETE,03/26/2013,04/16/2013,107,1,4,1,4,.,1,0
q_0240,385,PATIENT-DEL,2,EB,DATA UNAVAILABLE,02/16/2023,02/16/2023,53,.,.,.,.,.,.,.
q_0240,385,PATIENT-DEL,2.12,EB,DATA UNAVAILABLE,02/16/2023,02/16/2023,53,.,.,.,.,.,.,.
q_0242,230,PATIENT-DEL,1,AK,COMPLETE,03/27/2013,04/16/2013,107,3,5,0,3,.,2,0
q_0244,301,PATIENT-DEL,1,RY,COMPLETE,09/16/2013,10/03/2013,97,23,17,4,3,.,7,2
q_0246,142,PATIENT-DEL,1,SW,COMPLETE,09/23/2013,10/09/2013,97,3,6,1,3,.,5,0
q_0246,255,PATIENT-DEL,2,EB,DATA UNAVAILABLE,02/16/2023,02/16/2023,53,.,.,.,.,.,.,.
q_0246,255,PATIENT-DEL,2.12,EB,DATA UNAVAILABLE,02/16/2023,02/16/2023,53,.,.,.,.,.,.,.
q_0246,255,PATIENT-DEL,2.24,EB,DATA UNAVAILABLE,02/16/2023,02/16/2023,53,.,.,.,.,.,.,.
q_0250,162,PATIENT-DEL,1,RL,COMPLETE,09/30/2013,10/16/2013,97,9,8,3,3,.,12,2
q_0250,275,PATIENT-DEL,2,EB,DATA UNAVAILABLE,02/16/2023,02/16/2023,53,.,.,.,.,.,.,.
q_0250,275,PATIENT-DEL,2.12,EB,DATA UNAVAILABLE,02/17/2023,02/17/2023,53,.,.,.,.,.,.,.
q_0252,321,PATIENT-DEL,1,JP,COMPLETE,12/09/2013,02/01/2014,97,25,18,9,5,.,13,1
q_0255,123,PATIENT-DEL,1,AS,COMPLETE,10/21/2014,11/06/2014,149,23,19,3,4,.,8,2
q_0257,326,PATIENT-DEL,1,EW,COMPLETE,06/04/2014,07/22/2014,152,6,7,4,5,.,7,0
q_0258,79,PATIENT-DEL,1,,COMPLETE,06/09/2014,08/14/2014,152,21,14,8,2,.,7,1
q_0260,192,PATIENT-DEL,1,KL,COMPLETE,06/10/2014,11/06/2014,149,15,9,2,3,.,7,2
q_0260,296,PATIENT-DEL,2,EB,DATA UNAVAILABLE,02/17/2023,02/17/2023,53,.,.,.,.,.,.,.
q_0260,296,PATIENT-DEL,2.12,EB,DATA UNAVAILABLE,02/17/2023,02/17/2023,53,.,.,.,.,.,.,.
q_0260,296,PATIENT-DEL,2.24,EB,DATA UNAVAILABLE,02/17/2023,02/17/2023,53,.,.,.,.,.,.,.
q_0263,114,PATIENT-DEL,1,AW,COMPLETE,09/15/2014,11/06/2014,149,14,16,4,3,.,8,2
q_0263,215,PATIENT-DEL,2,EB,DATA UNAVAILABLE,02/17/2023,02/17/2023,53,.,.,.,.,.,.,.
q_0263,215,PATIENT-DEL,2.12,EB,DATA UNAVAILABLE,02/17/2023,02/17/2023,53,.,.,.,.,.,.,.
q_0263,215,PATIENT-DEL,2.24,EB,DATA UNAVAILABLE,02/17/2023,02/17/2023,53,.,.,.,.,.,.,.
q_0266,79,PATIENT-DEL,1,SK,COMPLETE,08/12/2014,11/06/2014,149,20,13,6,3,.,5,2
q_0268,552,PATIENT-DUP,1,,COMPLETE,10/13/2014,11/21/2014,149,.,.,.,.,4,0,0
q_0269,159,PATIENT-DUP,1,AN,COMPLETE,10/14/2014,11/06/2014,149,8,12,3,4,.,3,2
q_0271,190,PATIENT-DUP,1,IS,COMPLETE,10/09/2014,11/06/2014,149,17,13,10,3,.,9,1
q_0271,290,PATIENT-DUP,2,EB,DATA UNAVAILABLE,02/17/2023,02/17/2023,53,.,.,.,.,.,.,.
q_0273,236,PATIENT-DEL,1,AA,COMPLETE,10/07/2014,11/06/2014,149,-9999,-9999,-9999,-9999,4,7,2
q_0277,128,PATIENT-DUP,1,,COMPLETE,12/10/2014,04/24/2015,152,20,8,5,2,3,8,2
q_0277,226,PATIENT-DUP,2,EB,DATA UNAVAILABLE,02/17/2023,02/17/2023,53,.,.,.,.,.,.,.
q_0277,226,PATIENT-DUP,2.12,EB,DATA UNAVAILABLE,02/17/2023,02/17/2023,53,.,.,.,.,.,.,.
q_0277,226,PATIENT-DUP,2.24,EB,COMPLETE,02/21/2023,02/21/2023,53,.,.,.,.,.,.,.
q_0278,115,PATIENT-DUP,1,MC,COMPLETE,12/08/2014,10/08/2015,149,3,4,2,0,3,1,0
q_0278,213,PATIENT-DUP,2,EB,DATA UNAVAILABLE,02/21/2023,02/21/2023,53,.,.,.,.,.,.,.
q_0278,213,PATIENT-DUP,2.12,EB,DATA UNAVAILABLE,02/21/2023,02/21/2023,53,.,.,.,.,.,.,.
q_0278,213,PATIENT-DUP,2.24,EB,DATA UNAVAILABLE,02/21/2023,02/21/2023,53,.,.,.,.,.,.,.
q_0279,98,PATIENT-DUP,1,,COMPLETE,12/10/2014,04/24/2015,152,16,8,6,2,3,6,2
q_0279,196,PATIENT-DUP,2,EB,DATA UNAVAILABLE,02/21/2023,02/21/2023,53,.,.,.,.,.,.,.
q_0279,196,PATIENT-DUP,2.12,EB,DATA UNAVAILABLE,02/21/2023,02/21/2023,53,.,.,.,.,.,.,.
q_0279,196,PATIENT-DUP,2.24,EB,DATA UNAVAILABLE,02/21/2023,02/21/2023,53,.,.,.,.,.,.,.
q_0284,453,PATIENT-DUP,1,,COMPLETE,03/17/2015,04/24/2015,152,.,.,.,.,4,0,0
q_0285,162,PATIENT-DUP,1,,COMPLETE,03/16/2015,04/24/2015,152,16,12,3,2,3,8,2
q_0285,257,PATIENT-DUP,2,EB,DATA UNAVAILABLE,02/22/2023,02/22/2023,53,.,.,.,.,.,.,.
q_0285,257,PATIENT-DUP,2.12,EB,DATA UNAVAILABLE,02/22/2023,02/22/2023,53,.,.,.,.,.,.,.
q_0286,141,PATIENT-DUP,1,,COMPLETE,03/17/2015,04/24/2015,152,15,7,2,0,3,3,2
q_0286,236,PATIENT-DUP,2,EB,DATA UNAVAILABLE,02/22/2023,02/22/2023,53,.,.,.,.,.,.,.
q_0287,102,PATIENT-DUP,1,,COMPLETE,03/16/2015,04/24/2015,149,10,8,1,0,3,1,2
q_0287,197,PATIENT-DUP,2,EB,DATA UNAVAILABLE,02/22/2023,02/22/2023,53,.,.,.,.,.,.,.
q_0287,197,PATIENT-DUP,2.12,EB,DATA UNAVAILABLE,02/22/2023,02/22/2023,53,.,.,.,.,.,.,.
q_0288,64,PATIENT-DUP,1,,COMPLETE,03/18/2015,04/24/2015,152,17,9,5,4,2,2,2
q_0288,159,PATIENT-DUP,2,EB,DATA UNAVAILABLE,02/22/2023,02/22/2023,53,.,.,.,.,.,.,.
q_0288,159,PATIENT-DUP,2.12,EB,DATA UNAVAILABLE,02/22/2023,02/22/2023,53,.,.,.,.,.,.,.
q_0289,442,"FAMILY MEMBER, PATIENT-DUP",2,LG,COMPLETE,03/20/2017,02/14/2018,11,-9999,-9999,-9999,-9999,4,4,0
q_0289,513,"FAMILY MEMBER, PATIENT-DUP",2.12,EB,DATA UNAVAILABLE,02/22/2023,02/22/2023,53,.,.,.,.,.,.,.
q_0291,100,PATIENT-DEL,1,,COMPLETE,04/17/2015,10/05/2015,152,12,9,5,4,.,4,2
q_0291,194,PATIENT-DEL,2,EB,DATA UNAVAILABLE,02/22/2023,02/22/2023,53,.,.,.,.,.,.,.
q_0291,194,PATIENT-DEL,2.12,EB,DATA UNAVAILABLE,02/22/2023,02/22/2023,53,.,.,.,.,.,.,.
q_0291,194,PATIENT-DEL,2.24,EB,DATA UNAVAILABLE,02/22/2023,02/22/2023,53,.,.,.,.,.,.,.
q_0296,471,PATIENT-DUP,1,BR,COMPLETE,05/04/2015,09/28/2015,177,-9999,-9999,-9999,-9999,4,0,0
q_0297,125,PATIENT-DUP,1,KR,COMPLETE,05/04/2015,09/28/2015,158,19,22,10,2,3,5,1
q_0298,114,PATIENT-DUP,1,MR,COMPLETE,05/04/2015,09/28/2015,158,17,20,10,2,3,5,1
q_0299,87,PATIENT-DUP,1,ER,COMPLETE,05/04/2015,09/29/2015,158,15,14,6,3,3,7,1
q_0300,66,PATIENT-DUP,1,LR,COMPLETE,05/04/2015,09/29/2015,158,2,1,0,0,3,1,0
q_0307,152,PATIENT-DEL,1,,COMPLETE,10/12/2015,11/16/2015,149,3,6,0,1,3,1,0
q_0307,240,PATIENT-DEL,2,EB,DATA UNAVAILABLE,02/22/2023,02/22/2023,53,.,.,.,.,.,.,.
q_0307,240,PATIENT-DEL,2.12,EB,DATA UNAVAILABLE,02/22/2023,02/22/2023,53,.,.,.,.,.,.,.
q_0310,288,PATIENT-DEL,1,,COMPLETE,11/18/2015,04/14/2016,177,-9999,-9999,-9999,-9999,4,2,0
q_0310,375,PATIENT-DEL,2,EB,DATA UNAVAILABLE,02/22/2023,02/22/2023,53,.,.,.,.,.,.,.
q_0310,375,PATIENT-DEL,2.12,EB,DATA UNAVAILABLE,02/22/2023,02/22/2023,53,.,.,.,.,.,.,.
q_0310,375,PATIENT-DEL,2.24,EB,DATA UNAVAILABLE,02/22/2023,02/22/2023,53,.,.,.,.,.,.,.
q_0311,180,PATIENT-DUP,1,TC,COMPLETE,12/08/2015,04/01/2016,149,24,19,8,4,3,7,1
q_0313,104,PATIENT-DUP,1,,COMPLETE,12/11/2015,04/01/2016,177,23,24,6,5,3,10,1
q_0313,190,PATIENT-DUP,2,EB,DATA UNAVAILABLE,02/24/2023,02/24/2023,53,.,.,.,.,.,.,.
q_0313,190,PATIENT-DUP,2.12,EB,DATA UNAVAILABLE,02/24/2023,02/24/2023,53,.,.,.,.,.,.,.
q_0313,190,PATIENT-DUP,2.24,EB,DATA UNAVAILABLE,02/24/2023,02/24/2023,53,.,.,.,.,.,.,.
q_0315,80,PATIENT-DUP,1,,COMPLETE,01/26/2016,02/22/2016,149,12,9,4,5,1,6,1
q_0315,165,PATIENT-DUP,2,EB,DATA UNAVAILABLE,02/24/2023,02/24/2023,53,.,.,.,.,.,.,.
q_0315,165,PATIENT-DUP,2.12,EB,DATA UNAVAILABLE,02/24/2023,02/24/2023,53,.,.,.,.,.,.,.
q_0317,62,PATIENT-DUP,1,,COMPLETE,02/23/2016,04/01/2016,149,24,12,6,5,1,6,1
q_0317,146,PATIENT-DUP,2,EB,DATA UNAVAILABLE,02/24/2023,02/24/2023,53,.,.,.,.,.,.,.
q_0317,146,PATIENT-DUP,2.12,EB,DATA UNAVAILABLE,02/24/2023,02/24/2023,53,.,.,.,.,.,.,.
q_0317,146,PATIENT-DUP,2.24,EB,DATA UNAVAILABLE,02/24/2023,02/24/2023,53,.,.,.,.,.,.,.
q_0319,127,PATIENT-DUP,1,,COMPLETE,03/23/2016,04/01/2016,177,16,15,0,4,2,3,0
q_0319,210,PATIENT-DUP,2,EB,DATA UNAVAILABLE,02/24/2023,02/24/2023,53,.,.,.,.,.,.,.
q_0319,210,PATIENT-DUP,2.12,EB,DATA UNAVAILABLE,02/24/2023,02/24/2023,53,.,.,.,.,.,.,.
q_0321,388,PATIENT-DUP,1,,DATA UNAVAILABLE,03/24/2016,03/10/2017,177,.,.,.,.,.,.,.
q_0321,400,PATIENT-DUP,2,MFH,DATA UNAVAILABLE,03/27/2017,05/23/2018,5,.,.,.,.,.,.,.
q_0321,412,PATIENT-DUP,2.12,LC,DATA UNAVAILABLE,03/19/2018,05/23/2018,5,.,.,.,.,.,.,.
q_0322,298,PATIENT-DUP,1,,COMPLETE,03/30/2016,05/20/2016,177,4,8,0,2,4,13,1
q_0324,100,PATIENT-DUP,1,,COMPLETE,04/05/2016,05/10/2016,177,4,6,3,5,3,2,0
q_0324,113,PATIENT-DUP,2,SH,DATA UNAVAILABLE,05/03/2017,05/23/2018,5,.,.,.,.,.,.,.
q_0324,124,PATIENT-DUP,2.12,MW,DATA UNAVAILABLE,04/17/2018,05/23/2018,5,.,.,.,.,.,.,.
q_0324,182,PATIENT-DUP,2.24,EB,DATA UNAVAILABLE,02/27/2023,02/27/2023,53,.,.,.,.,.,.,.
q_0326,236,PATIENT-DUP,1,,COMPLETE,04/14/2016,08/05/2016,177,5,3,2,1,4,4,0
q_0326,254,PATIENT-DUP,2,JH,DATA UNAVAILABLE,10/20/2017,05/23/2018,5,.,.,.,.,.,.,.
q_0326,268,PATIENT-DUP,2.12,LA,DATA UNAVAILABLE,12/05/2018,05/08/2019,26,.,.,.,.,.,.,.
q_0326,318,PATIENT-DUP,2.24,EB,DATA UNAVAILABLE,02/27/2023,02/27/2023,53,.,.,.,.,.,.,.
q_0327,513,PATIENT-DUP,1,,COMPLETE,04/14/2016,08/05/2016,177,.,.,.,.,4,0,0
q_0327,531,PATIENT-DUP,2,CH,DATA UNAVAILABLE,10/20/2017,05/23/2018,5,.,.,.,.,.,.,.
q_0327,550,PATIENT-DUP,2.12,EJ,DATA UNAVAILABLE,05/15/2019,05/15/2019,26,.,.,.,.,.,.,.
q_0327,596,PATIENT-DUP,2.24,EB,DATA UNAVAILABLE,03/02/2023,03/02/2023,53,.,.,.,.,.,.,.
q_0328,108,PATIENT-DEL,1,,COMPLETE,04/26/2016,05/17/2016,176,7,4,1,3,3,2,0
q_0331,230,PATIENT-DEL,1,,COMPLETE,07/01/2016,08/03/2016,177,13,16,6,5,4,4,0
q_0331,241,PATIENT-DEL,2,SK,DATA UNAVAILABLE,06/27/2017,05/23/2018,5,.,.,.,.,.,.,.
q_0331,253,PATIENT-DEL,2.12,DC,DATA UNAVAILABLE,06/21/2018,07/03/2018,20,.,.,.,.,.,.,.
q_0331,310,PATIENT-DEL,2.24,EB,DATA UNAVAILABLE,03/03/2023,03/03/2023,53,.,.,.,.,.,.,.
q_0334,252,PATIENT-DEL,2,CB,COMPLETE,12/01/2016,02/14/2018,3,2,3,1,1,3,9,1
q_0336,161,PATIENT-DUP,2,KC,COMPLETE,01/10/2017,02/14/2018,11,1,0,0,2,3,10,1
q_0336,176,PATIENT-DUP,2.12,LC,DATA UNAVAILABLE,04/02/2018,05/23/2018,5,.,.,.,.,.,.,.
q_0337,594,PATIENT-DUP,2,AZ,DATA UNAVAILABLE,04/02/2018,05/10/2018,11,.,.,.,.,.,.,.
q_0337,594,PATIENT-DUP,2.12,MW,DATA UNAVAILABLE,04/03/2018,05/23/2018,5,.,.,.,.,.,.,.
q_0338,81,PATIENT-DUP,2,KC,COMPLETE,02/16/2017,02/14/2018,11,7,10,0,0,2,7,0
q_0338,95,PATIENT-DUP,2.12,MW,DATA UNAVAILABLE,04/24/2018,05/23/2018,5,.,.,.,.,.,.,.
q_0340,118,PATIENT-DEL,2,LG,COMPLETE,03/07/2017,02/14/2018,11,11,9,5,1,3,2,0
q_0342,292,PATIENT-DEL,2,KC,COMPLETE,03/13/2017,02/14/2018,11,21,16,8,3,4,9,2
q_0342,304,PATIENT-DEL,2.12,MW,DATA UNAVAILABLE,03/13/2018,05/23/2018,5,.,.,.,.,.,.,.
q_0342,364,PATIENT-DEL,2.24,EB,DATA UNAVAILABLE,03/06/2023,03/06/2023,53,.,.,.,.,.,.,.
q_0346,150,PATIENT-DUP,2,LG,COMPLETE,04/10/2017,02/14/2018,11,2,10,3,0,3,0,0
q_0346,162,PATIENT-DUP,2.12,MW,DATA UNAVAILABLE,04/09/2018,05/23/2018,5,.,.,.,.,.,.,.
q_0348,184,PATIENT-DUP,2,L,COMPLETE,04/21/2017,04/06/2018,11,.,.,.,.,3,9,1
q_0351,149,PATIENT-DUP,2,LG,COMPLETE,04/24/2017,02/14/2018,11,15,14,8,5,3,14,1
q_0351,162,PATIENT-DUP,2.12,MG,DATA UNAVAILABLE,05/03/2018,05/23/2018,5,.,.,.,.,.,.,.
q_0355,77,PATIENT-DEL,2,LG,COMPLETE,06/06/2017,02/14/2018,11,12,6,2,2,3,12,1
q_0355,146,PATIENT-DEL,2.12,EB,DATA UNAVAILABLE,03/06/2023,03/06/2023,53,.,.,.,.,.,.,.
q_0358,133,PATIENT-DUP,2,LG,COMPLETE,07/31/2017,02/14/2018,11,19,22,7,5,2,10,1
q_0361,120,PATIENT-DEL,2,PV,COMPLETE,08/21/2017,05/17/2018,3,11,5,3,2,3,13,0
q_0361,187,PATIENT-DEL,2.12,EB,DATA UNAVAILABLE,03/06/2023,03/06/2023,53,.,.,.,.,.,.,.
q_0361,187,PATIENT-DEL,2.24,EB,DATA UNAVAILABLE,03/06/2023,03/06/2023,53,.,.,.,.,.,.,.
q_0364,137,PATIENT-DEL,2,KC,COMPLETE,01/22/2018,02/14/2018,11,9,10,1,4,3,11,1
q_0371,120,PATIENT-DEL,2,LG,COMPLETE,05/07/2018,05/23/2018,19,6,6,0,2,3,5,0
q_0371,134,PATIENT-DEL,2.12,AM,DATA UNAVAILABLE,07/23/2019,10/15/2019,30,.,.,.,.,.,.,.
q_0371,178,PATIENT-DEL,2.24,EB,DATA UNAVAILABLE,03/06/2023,03/06/2023,53,.,.,.,.,.,.,.
q_0377,152,PATIENT-DEL,2,TD,COMPLETE,07/23/2018,03/08/2019,3,.,.,.,.,3,18,1
q_0382,523,PATIENT-DUP,2,TS,COMPLETE,08/27/2018,11/06/2018,24,.,.,.,.,4,3,0
q_0383,100,PATIENT-DUP,2,LG,COMPLETE,08/27/2018,11/06/2018,24,13,12,1,4,3,3,0
q_0384,72,PATIENT-DUP,2,LG,COMPLETE,08/28/2018,11/06/2018,24,6,6,0,4,3,5,0
q_0387,279,PATIENT-DEL,2,TS,COMPLETE,08/24/2018,11/06/2018,24,.,.,.,.,4,1,0
q_0391,.,PATIENT-DEL,2,LG,COMPLETE,,02/02/2023,53,14,10,2,5,4,.,.
q_0395,123,PATIENT-DEL,2,IR,COMPLETE,11/06/2018,11/15/2018,17,26,14,10,5,3,12,1
q_0397,122,PATIENT-DEL,2,IR,COMPLETE,11/08/2018,11/15/2018,17,0,1,0,3,3,4,0
q_0397,174,PATIENT-DEL,2.12,EB,DATA UNAVAILABLE,03/06/2023,03/06/2023,53,.,.,.,.,.,.,.
q_0401,89,PATIENT-DUP,2,LK,COMPLETE,01/11/2019,04/15/2019,3,16,18,8,3,3,6,1
q_0402,539,PATIENT-DUP,2,EJ,COMPLETE,01/11/2019,04/15/2019,26,.,.,.,.,4,0,0
q_0404,89,PATIENT-DEL,2,EJ,COMPLETE,03/12/2019,04/15/2019,26,5,8,1,3,3,2,0
q_0404,137,PATIENT-DEL,2.12,EB,DATA UNAVAILABLE,03/06/2023,03/06/2023,53,.,.,.,.,.,.,.
q_0406,210,PATIENT-DEL,2,EB,DATA UNAVAILABLE,02/02/2023,02/02/2023,53,.,.,.,.,.,.,.
q_0408,123,PATIENT-DUP,2,DD,COMPLETE,05/17/2019,05/29/2019,26,11,4,0,2,3,2,0
q_0411,120,PATIENT-DUP,2,LG,COMPLETE,05/20/2019,02/06/2023,53,2,17,0,0,3,5,0
q_0417,207,OTHER,2,AC,COMPLETE,08/02/2019,02/07/2023,53,2,2,1,1,3,1,0
q_0418,477,OTHER,2,TD,COMPLETE,08/01/2019,02/07/2023,53,.,.,.,.,4,1,0
q_0419,280,PATIENT-DEL,2,TDS,COMPLETE,08/13/2019,12/02/2019,26,15,15,0,2,2,7,0
q_0422,98,PATIENT-DEL,2,EJ,COMPLETE,11/20/2019,12/03/2019,26,9,15,0,4,3,5,0
q_0425,440,PATIENT-DEL,2,TD,COMPLETE,11/04/2019,11/18/2019,26,.,.,.,.,4,4,0
q_0433,649,PATIENT-DEL,2,EB,DATA UNAVAILABLE,02/09/2023,02/09/2023,53,.,.,.,.,.,.,.
