SUBJECTID,AGEMONTH,SUBJECT_IDENTITY,CONVERTEDVISITNUM,INITIALS,FORMSTATUS,TESTDATE,ENTDATE,ENTEREDBY,ESS_C1,ESS_C2,ESS_C3,ESS_C4,ESS_C5,ESS_C6,ESS_C7,ESS_C8,ESS_C_SUM
q_0213,218,PATIENT-DEL,2.12,,COMPLETE,12/15/2022,12/15/2022,-9999,0,2,0,2,2,1,0,1,8
q_0437,502,FAMILY MEMBER,2,,COMPLETE,04/02/2023,04/02/2023,-9999,2,1,0,0,3,0,0,0,6
q_0446,153,PATIENT-DEL,2.12,,COMPLETE,11/21/2022,11/21/2022,-9999,1,1,0,2,1,0,1,0,6
q_0522,226,CONTROL,2,,COMPLETE,06/02/2022,06/02/2022,-9999,2,1,0,3,1,0,1,0,8
q_0525,243,CONTROL,2,,COMPLETE,06/16/2022,06/16/2022,-9999,2,2,2,2,2,0,2,0,12
q_0533,179,PATIENT-DEL,2,,COMPLETE,12/14/2022,12/14/2022,-9999,3,3,3,3,3,1,2,2,20
q_0568,262,PATIENT-DEL,2,,COMPLETE,11/02/2022,11/02/2022,-9999,1,1,1,2,1,0,1,1,8
q_9999,196,PATIENT-DEL,2,,COMPLETE,12/01/2021,12/01/2021,-9999,1,1,1,1,1,1,1,1,8
q_9999,196,PATIENT-DEL,2.12,,COMPLETE,12/14/2021,12/14/2021,-9999,1,1,1,1,1,1,1,1,8
